92.1464693220789, 36.0380331213442, -7.18477776475092, 116.779929471475, -75.3252035129378, 23.9567786224453, -0.276795,  1.472496,  -0.090903, 0, 0, 0
92.1464693220789, 36.0380331213442, -7.18477776475092, 116.779929471475, -75.3252035129378, 23.9567786224453, -0.276799,  1.472494,  -0.090903, 0, 0, 0
92.1464693220789, 36.0380331213442, -7.18477776475092, 116.779929471475, -75.3252035129378, 23.9567786224453, -0.276795,  1.472495,  -0.090901, 0, 0, 0
82.9686424495441, 41.7353890456774, -7.93139902447802, 99.4699651575802, -93.253667467488, 57.7790930725306, -0.298169,  1.465984,  -0.107536, 0, 0, 0
82.9686424495441, 41.7353890456774, -7.93139902447802, 99.4699651575802, -93.253667467488, 57.7790930725306, -0.298170,  1.465983,  -0.107536, 0, 0, 0
82.9686424495441, 41.7353890456774, -7.93139902447802, 99.4699651575802, -93.253667467488, 57.7790930725306, -0.298168,  1.465984,  -0.107537, 0, 0, 0
88.2078431924585, 49.0250502915834, -2.98020896991081, 103.731112129177, -91.0999221121333, 27.5143470852991, -0.288748,  1.449056,  -0.096168, 0, 0, 0
88.2078431924585, 49.0250502915834, -2.98020896991081, 103.731112129177, -91.0999221121333, 27.5143470852991, -0.288749,  1.449055,  -0.096168, 0, 0, 0
88.2078431924585, 49.0250502915834, -2.98020896991081, 103.731112129177, -91.0999221121333, 27.5143470852991, -0.288748,  1.449055,  -0.096166, 0, 0, 0
91.454743536347, 48.2594473377426, 4.89039152528204, 101.954547772012, -87.6860454592368, -5.29195735634427, -0.241592,  1.427642,  -0.100609, 0, 0, 0
91.454743536347, 48.2594473377426, 4.89039152528204, 101.954547772012, -87.6860454592368, -5.29195735634427, -0.241591,  1.427641,  -0.100610, 0, 0, 0
91.454743536347, 48.2594473377426, 4.89039152528204, 101.954547772012, -87.6860454592368, -5.29195735634427, -0.241591,  1.427641,  -0.100611, 0, 0, 0
100.590068431593, 51.1501553639008, 3.43149533117103, 97.3387389260258, -85.4829683859366, 83.0395096835867, -0.278931,  1.548163,  -0.088313, 0, 0, 0
100.590068431593, 51.1501553639008, 3.43149533117103, 97.3387389260258, -85.4829683859366, 83.0395096835867, -0.278932,  1.548164,  -0.088313, 0, 0, 0
100.590068431593, 51.1501553639008, 3.43149533117103, 97.3387389260258, -85.4829683859366, 83.0395096835867, -0.278930,  1.548164,  -0.088314, 0, 0, 0
85.436454859512, 50.7804327065764, -3.09948143238685, 101.145919249064, -98.9990169279737, -17.1400682616727, -0.237469,  1.397615,  -0.095710, 0, 0, 0
85.436454859512, 50.7804327065764, -3.09948143238685, 101.145919249064, -98.9990169279737, -17.1400682616727, -0.237467,  1.397616,  -0.095709, 0, 0, 0
85.436454859512, 50.7804327065764, -3.09948143238685, 101.145919249064, -98.9990169279737, -17.1400682616727, -0.237467,  1.397616,  -0.095709, 0, 0, 0
93.6764954804303, 70.8284199315417, -27.2634326003994, 101.045694021498, -93.9193575004944, 59.817861240385, -0.277484,  1.542423,  -0.094446, 0, 0, 0
93.6764954804303, 70.8284199315417, -27.2634326003994, 101.045694021498, -93.9193575004944, 59.817861240385, -0.277484,  1.542423,  -0.094444, 0, 0, 0
93.6764954804303, 70.8284199315417, -27.2634326003994, 101.045694021498, -93.9193575004944, 59.817861240385, -0.277486,  1.542423,  -0.094447, 0, 0, 0
90.0553388012275, 30.3623623743528, 2.75427646221497, 116.474346770229, -89.7892534420777, -35.9260170784303, -0.245671,  1.382271,  -0.103596, 0, 0, 0
90.0553388012275, 30.3623623743528, 2.75427646221497, 116.474346770229, -89.7892534420777, -35.9260170784303, -0.245671,  1.382271,  -0.103596, 0, 0, 0
90.0553388012275, 30.3623623743528, 2.75427646221497, 116.474346770229, -89.7892534420777, -35.9260170784303, -0.245672,  1.382270,  -0.103599, 0, 0, 0
104.886487007306, 51.3952713682709, 0.332479463345118, 118.766100753154, -85.8861624961155, 42.9933483186212, -0.306098,  1.509466,  -0.052568, 0, 0, 0
104.886487007306, 51.3952713682709, 0.332479463345118, 118.766100753154, -85.8861624961155, 42.9933483186212, -0.306100,  1.509467,  -0.052570, 0, 0, 0
104.886487007306, 51.3952713682709, 0.332479463345118, 118.766100753154, -85.8861624961155, 42.9933483186212, -0.306097,  1.509467,  -0.052567, 0, 0, 0
74.4924014951636, 49.0690764313773, 20.5510010131434, 101.099672348354, -73.7679944834825, 85.1381437331817, -0.368665,  1.540987,  -0.124322, 0, 0, 0
74.4924014951636, 49.0690764313773, 20.5510010131434, 101.099672348354, -73.7679944834825, 85.1381437331817, -0.368664,  1.540988,  -0.124322, 0, 0, 0
74.4924014951636, 49.0690764313773, 20.5510010131434, 101.099672348354, -73.7679944834825, 85.1381437331817, -0.368666,  1.540988,  -0.124322, 0, 0, 0
90.525938396624, 57.8008322826008, -7.65456335617639, 90.2260467081431, -86.4515332882819, 83.7415735784662, -0.265889,  1.546152,  -0.122689, 0, 0, 0
90.525938396624, 57.8008322826008, -7.65456335617639, 90.2260467081431, -86.4515332882819, 83.7415735784662, -0.265891,  1.546151,  -0.122690, 0, 0, 0
90.525938396624, 57.8008322826008, -7.65456335617639, 90.2260467081431, -86.4515332882819, 83.7415735784662, -0.265889,  1.546151,  -0.122688, 0, 0, 0
93.4663732807455, 37.090986484918, 8.07356512123032, 99.0025803080123, -99.6336647172352, -81.2585188649229, -0.148164,  1.405305,  -0.088148, 0, 0, 0
93.4663732807455, 37.090986484918, 8.07356512123032, 99.0025803080123, -99.6336647172352, -81.2585188649229, -0.148162,  1.405306,  -0.088148, 0, 0, 0
93.4663732807455, 37.090986484918, 8.07356512123032, 99.0025803080123, -99.6336647172352, -81.2585188649229, -0.148162,  1.405306,  -0.088150, 0, 0, 0
96.6643891396196, 39.3336842387395, -2.73698298843357, 90.3413757944285, -87.3500661680228, -0.405354153691269, -0.218018,  1.394550,  -0.081803, 0, 0, 0
96.6643891396196, 39.3336842387395, -2.73698298843357, 90.3413757944285, -87.3500661680228, -0.405354153691269, -0.218017,  1.394551,  -0.081802, 0, 0, 0
96.6643891396196, 39.3336842387395, -2.73698298843357, 90.3413757944285, -87.3500661680228, -0.405354153691269, -0.218014,  1.394552,  -0.081801, 0, 0, 0
86.4318624280459, 42.5326103250753, 2.72560956087023, 112.052587662264, -89.1405736601099, 25.2871457700924, -0.309615,  1.444677,  -0.090442, 0, 0, 0
86.4318624280459, 42.5326103250753, 2.72560956087023, 112.052587662264, -89.1405736601099, 25.2871457700924, -0.309618,  1.444677,  -0.090443, 0, 0, 0
86.4318624280459, 42.5326103250753, 2.72560956087023, 112.052587662264, -89.1405736601099, 25.2871457700924, -0.309618,  1.444678,  -0.090442, 0, 0, 0
98.0113637252211, 43.6204883152783, 6.72487025049447, 100.045387417165, -73.3844077097357, 68.8556495552719, -0.278819,  1.538533,  -0.091660, 0, 0, 0
98.0113637252211, 43.6204883152783, 6.72487025049447, 100.045387417165, -73.3844077097357, 68.8556495552719, -0.278820,  1.538533,  -0.091660, 0, 0, 0
98.0113637252211, 43.6204883152783, 6.72487025049447, 100.045387417165, -73.3844077097357, 68.8556495552719, -0.278820,  1.538534,  -0.091661, 0, 0, 0
86.1184198422686, 62.600187944825, 7.48548951273993, 103.75037600794, -93.656093614903, -1.1934163363916, -0.261418,  1.449325,  -0.106648, 0, 0, 0
86.1184198422686, 62.600187944825, 7.48548951273993, 103.75037600794, -93.656093614903, -1.1934163363916, -0.261416,  1.449326,  -0.106648, 0, 0, 0
86.1184198422686, 62.600187944825, 7.48548951273993, 103.75037600794, -93.656093614903, -1.1934163363916, -0.261414,  1.449326,  -0.106648, 0, 0, 0
77.7295173892904, 57.074866311157, -3.91789177496556, 107.822110991838, -100.713448004447, -21.3783589766085, -0.256802,  1.408187,  -0.115245, 0, 0, 0
77.7295173892904, 57.074866311157, -3.91789177496556, 107.822110991838, -100.713448004447, -21.3783589766085, -0.256799,  1.408187,  -0.115247, 0, 0, 0
77.7295173892904, 57.074866311157, -3.91789177496556, 107.822110991838, -100.713448004447, -21.3783589766085, -0.256801,  1.408187,  -0.115246, 0, 0, 0
86.7072980687344, 58.4927300689363, 6.28553420592793, 102.123986778736, -87.3398710323219, -1.65337873480498, -0.256094,  1.451293,  -0.116396, 0, 0, 0
86.7072980687344, 58.4927300689363, 6.28553420592793, 102.123986778736, -87.3398710323219, -1.65337873480498, -0.256095,  1.451293,  -0.116396, 0, 0, 0
86.7072980687344, 58.4927300689363, 6.28553420592793, 102.123986778736, -87.3398710323219, -1.65337873480498, -0.256095,  1.451293,  -0.116397, 0, 0, 0
89.1704359419223, 63.8168691431718, 15.3656120276815, 99.2929227462145, -79.4017399826271, 68.116570794944, -0.342485,  1.535102,  -0.115439, 0, 0, 0
89.1704359419223, 63.8168691431718, 15.3656120276815, 99.2929227462145, -79.4017399826271, 68.116570794944, -0.342486,  1.535104,  -0.115439, 0, 0, 0
89.1704359419223, 63.8168691431718, 15.3656120276815, 99.2929227462145, -79.4017399826271, 68.116570794944, -0.342487,  1.535104,  -0.115441, 0, 0, 0
96.9735752328946, 55.4840055937662, 6.71594575835303, 89.9197599730124, -87.211071969371, -85.7555067220029, -0.110315,  1.517193,  -0.076257, 0, 0, 0
96.9735752328946, 55.4840055937662, 6.71594575835303, 89.9197599730124, -87.211071969371, -85.7555067220029, -0.110314,  1.517194,  -0.076258, 0, 0, 0
96.9735752328946, 55.4840055937662, 6.71594575835303, 89.9197599730124, -87.211071969371, -85.7555067220029, -0.110318,  1.517193,  -0.076261, 0, 0, 0
89.7900829277823, 43.8956529991891, 6.67895916584912, 104.896519697503, -98.4125726426148, 1.36522015414233, -0.269579,  1.401729,  -0.079979, 0, 0, 0
89.7900829277823, 43.8956529991891, 6.67895916584912, 104.896519697503, -98.4125726426148, 1.36522015414233, -0.269581,  1.401729,  -0.079981, 0, 0, 0
89.7900829277823, 43.8956529991891, 6.67895916584912, 104.896519697503, -98.4125726426148, 1.36522015414233, -0.269582,  1.401729,  -0.079981, 0, 0, 0
95.9206210581205, 65.8836125427938, 15.8796137530967, 92.1207555197466, -86.2801922668486, 38.5910991864434, -0.282258,  1.496855,  -0.106051, 0, 0, 0
95.9206210581205, 65.8836125427938, 15.8796137530967, 92.1207555197466, -86.2801922668486, 38.5910991864434, -0.282257,  1.496856,  -0.106052, 0, 0, 0
95.9206210581205, 65.8836125427938, 15.8796137530967, 92.1207555197466, -86.2801922668486, 38.5910991864434, -0.282258,  1.496856,  -0.106051, 0, 0, 0
78.6048135077835, 68.4980846829813, 6.20921465899214, 86.7705897734656, -90.8221107724633, 5.24485120707455, -0.252773,  1.460111,  -0.138684, 0, 0, 0
78.6048135077835, 68.4980846829813, 6.20921465899214, 86.7705897734656, -90.8221107724633, 5.24485120707455, -0.252771,  1.460110,  -0.138683, 0, 0, 0
78.6048135077835, 68.4980846829813, 6.20921465899214, 86.7705897734656, -90.8221107724633, 5.24485120707455, -0.252772,  1.460110,  -0.138684, 0, 0, 0
81.9026572118317, 53.1934242898781, 0.0162697197485731, 84.9264901721288, -88.1387988603398, -42.2204779984736, -0.165754,  1.416739,  -0.124495, 0, 0, 0
81.9026572118317, 53.1934242898781, 0.0162697197485731, 84.9264901721288, -88.1387988603398, -42.2204779984736, -0.165752,  1.416739,  -0.124494, 0, 0, 0
81.9026572118317, 53.1934242898781, 0.0162697197485731, 84.9264901721288, -88.1387988603398, -42.2204779984736, -0.165751,  1.416740,  -0.124493, 0, 0, 0
77.298187108353, 52.9949465082947, 19.897766348983, 90.5920591677146, -77.2011741331856, -77.3005366003435, -0.178854,  1.515988,  -0.172153, 0, 0, 0
77.298187108353, 52.9949465082947, 19.897766348983, 90.5920591677146, -77.2011741331856, -77.3005366003435, -0.178855,  1.515990,  -0.172154, 0, 0, 0
77.298187108353, 52.9949465082947, 19.897766348983, 90.5920591677146, -77.2011741331856, -77.3005366003435, -0.178854,  1.515991,  -0.172153, 0, 0, 0
94.4933674964079, 42.3104733040426, 15.6417827991053, 99.3125480052872, -88.0495886447669, -27.781634373506, -0.204285,  1.419346,  -0.092893, 0, 0, 0
94.4933674964079, 42.3104733040426, 15.6417827991053, 99.3125480052872, -88.0495886447669, -27.781634373506, -0.204286,  1.419347,  -0.092893, 0, 0, 0
94.4933674964079, 42.3104733040426, 15.6417827991053, 99.3125480052872, -88.0495886447669, -27.781634373506, -0.204286,  1.419347,  -0.092895, 0, 0, 0
93.2324141609055, 33.6686391317184, -3.8592244566136, 118.888869220625, -82.4690641682159, 12.0823847443547, -0.285871,  1.442819,  -0.084275, 0, 0, 0
93.2324141609055, 33.6686391317184, -3.8592244566136, 118.888869220625, -82.4690641682159, 12.0823847443547, -0.285873,  1.442818,  -0.084273, 0, 0, 0
93.2324141609055, 33.6686391317184, -3.8592244566136, 118.888869220625, -82.4690641682159, 12.0823847443547, -0.285873,  1.442818,  -0.084274, 0, 0, 0
71.2534206465341, 71.604821714096, 5.22354134715486, 87.5642667906738, -86.636317201114, -67.1801723479181, -0.193626,  1.520664,  -0.195772, 0, 0, 0
71.2534206465341, 71.604821714096, 5.22354134715486, 87.5642667906738, -86.636317201114, -67.1801723479181, -0.193625,  1.520665,  -0.195771, 0, 0, 0
71.2534206465341, 71.604821714096, 5.22354134715486, 87.5642667906738, -86.636317201114, -67.1801723479181, -0.193626,  1.520664,  -0.195773, 0, 0, 0
89.4494753432418, 48.4667502379071, 6.88240624769321, 107.796893279805, -94.3444083571725, -60.863605628222, -0.185272,  1.436781,  -0.116800, 0, 0, 0
89.4494753432418, 48.4667502379071, 6.88240624769321, 107.796893279805, -94.3444083571725, -60.863605628222, -0.185273,  1.436781,  -0.116800, 0, 0, 0
89.4494753432418, 48.4667502379071, 6.88240624769321, 107.796893279805, -94.3444083571725, -60.863605628222, -0.185273,  1.436782,  -0.116800, 0, 0, 0
89.8530058068565, 46.8810831797503, -3.48773064285576, 98.406012281285, -83.9358967072858, -88.2738811651262, -0.118382,  1.454385,  -0.112766, 0, 0, 0
89.8530058068565, 46.8810831797503, -3.48773064285576, 98.406012281285, -83.9358967072858, -88.2738811651262, -0.118383,  1.454385,  -0.112767, 0, 0, 0
89.8530058068565, 46.8810831797503, -3.48773064285576, 98.406012281285, -83.9358967072858, -88.2738811651262, -0.118383,  1.454385,  -0.112767, 0, 0, 0
103.951337183589, 53.8885630282262, 7.37576199094692, 100.274384099445, -110.676825722914, -54.833596235893, -0.157731,  1.435615,  -0.031161, 0, 0, 0
103.951337183589, 53.8885630282262, 7.37576199094692, 100.274384099445, -110.676825722914, -54.833596235893, -0.157732,  1.435615,  -0.031162, 0, 0, 0
103.951337183589, 53.8885630282262, 7.37576199094692, 100.274384099445, -110.676825722914, -54.833596235893, -0.157730,  1.435615,  -0.031161, 0, 0, 0
105.30318980739, 64.6548933746607, -0.599941957247261, 105.074968466369, -88.6014845569741, 69.142956415141, -0.303320,  1.551117,  -0.072057, 0, 0, 0
105.30318980739, 64.6548933746607, -0.599941957247261, 105.074968466369, -88.6014845569741, 69.142956415141, -0.303325,  1.551117,  -0.072058, 0, 0, 0
105.30318980739, 64.6548933746607, -0.599941957247261, 105.074968466369, -88.6014845569741, 69.142956415141, -0.303324,  1.551118,  -0.072059, 0, 0, 0
98.4380974622683, 53.5831874559811, 11.8108921132404, 91.3622660890468, -80.1666177167907, -72.844135368496, -0.121754,  1.519702,  -0.076142, 0, 0, 0
98.4380974622683, 53.5831874559811, 11.8108921132404, 91.3622660890468, -80.1666177167907, -72.844135368496, -0.121756,  1.519702,  -0.076144, 0, 0, 0
98.4380974622683, 53.5831874559811, 11.8108921132404, 91.3622660890468, -80.1666177167907, -72.844135368496, -0.121753,  1.519703,  -0.076143, 0, 0, 0
84.9572295584, 47.0448142397335, 6.78978407820578, 100.24050432576, -86.7893793440095, -63.2207703736779, -0.171516,  1.437820,  -0.134050, 0, 0, 0
84.9572295584, 47.0448142397335, 6.78978407820578, 100.24050432576, -86.7893793440095, -63.2207703736779, -0.171516,  1.437822,  -0.134051, 0, 0, 0
84.9572295584, 47.0448142397335, 6.78978407820578, 100.24050432576, -86.7893793440095, -63.2207703736779, -0.171517,  1.437823,  -0.134051, 0, 0, 0
78.7736464947747, 45.7827229870932, -4.26247405495131, 102.042525741545, -82.5038525403297, 30.8693866972151, -0.299773,  1.451729,  -0.126377, 0, 0, 0
78.7736464947747, 45.7827229870932, -4.26247405495131, 102.042525741545, -82.5038525403297, 30.8693866972151, -0.299771,  1.451730,  -0.126376, 0, 0, 0
78.7736464947747, 45.7827229870932, -4.26247405495131, 102.042525741545, -82.5038525403297, 30.8693866972151, -0.299773,  1.451730,  -0.126376, 0, 0, 0
104.467319634972, 47.8814385335004, 5.76543517570506, 97.6007141171706, -82.1497560085329, -25.8250019995009, -0.173721,  1.448877,  -0.065484, 0, 0, 0
104.467319634972, 47.8814385335004, 5.76543517570506, 97.6007141171706, -82.1497560085329, -25.8250019995009, -0.173721,  1.448877,  -0.065484, 0, 0, 0
104.467319634972, 47.8814385335004, 5.76543517570506, 97.6007141171706, -82.1497560085329, -25.8250019995009, -0.173720,  1.448878,  -0.065484, 0, 0, 0
87.7745807433401, 71.1497379202655, 10.4787889403703, 106.3921885293, -96.2421337787313, 44.3880391184572, -0.329346,  1.485451,  -0.088789, 0, 0, 0
87.7745807433401, 71.1497379202655, 10.4787889403703, 106.3921885293, -96.2421337787313, 44.3880391184572, -0.329345,  1.485452,  -0.088787, 0, 0, 0
87.7745807433401, 71.1497379202655, 10.4787889403703, 106.3921885293, -96.2421337787313, 44.3880391184572, -0.329345,  1.485453,  -0.088789, 0, 0, 0
93.5234679357962, 41.8767392528988, -2.01475479476237, 96.8072493332964, -86.7718462130113, -56.555401426948, -0.150693,  1.402042,  -0.090108, 0, 0, 0
93.5234679357962, 41.8767392528988, -2.01475479476237, 96.8072493332964, -86.7718462130113, -56.555401426948, -0.150692,  1.402044,  -0.090104, 0, 0, 0
93.5234679357962, 41.8767392528988, -2.01475479476237, 96.8072493332964, -86.7718462130113, -56.555401426948, -0.150693,  1.402044,  -0.090109, 0, 0, 0
69.4207903709029, 63.356035295081, 11.0870317238524, 90.2410444208471, -81.8198321763563, -20.4193138632627, -0.254007,  1.457757,  -0.181388, 0, 0, 0
69.4207903709029, 63.356035295081, 11.0870317238524, 90.2410444208471, -81.8198321763563, -20.4193138632627, -0.254008,  1.457758,  -0.181389, 0, 0, 0
69.4207903709029, 63.356035295081, 11.0870317238524, 90.2410444208471, -81.8198321763563, -20.4193138632627, -0.254007,  1.457758,  -0.181390, 0, 0, 0
92.6895871054005, 50.3883587751142, 5.84170738547653, 98.1470606031189, -83.0130727535135, 57.1117149265116, -0.294380,  1.504649,  -0.105652, 0, 0, 0
92.6895871054005, 50.3883587751142, 5.84170738547653, 98.1470606031189, -83.0130727535135, 57.1117149265116, -0.294383,  1.504650,  -0.105654, 0, 0, 0
92.6895871054005, 50.3883587751142, 5.84170738547653, 98.1470606031189, -83.0130727535135, 57.1117149265116, -0.294384,  1.504650,  -0.105655, 0, 0, 0
107.239663242556, 48.7907305030261, 15.1779017906155, 112.839730389293, -96.7171969152262, 40.1465742595389, -0.309174,  1.462491,  -0.047200, 0, 0, 0
107.239663242556, 48.7907305030261, 15.1779017906155, 112.839730389293, -96.7171969152262, 40.1465742595389, -0.309174,  1.462490,  -0.047201, 0, 0, 0
107.239663242556, 48.7907305030261, 15.1779017906155, 112.839730389293, -96.7171969152262, 40.1465742595389, -0.309175,  1.462490,  -0.047201, 0, 0, 0
79.5495171174839, 48.2099293878956, -4.95245186358621, 99.6682436520414, -78.5324259063769, 49.8513071385944, -0.297928,  1.489859,  -0.132924, 0, 0, 0
79.5495171174839, 48.2099293878956, -4.95245186358621, 99.6682436520414, -78.5324259063769, 49.8513071385944, -0.297928,  1.489860,  -0.132924, 0, 0, 0
79.5495171174839, 48.2099293878956, -4.95245186358621, 99.6682436520414, -78.5324259063769, 49.8513071385944, -0.297928,  1.489860,  -0.132926, 0, 0, 0
90.9000369404097, 63.5001437019542, 17.7694220074984, 96.8278106936932, -95.5094886312836, 84.8927605544886, -0.341374,  1.521618,  -0.109277, 0, 0, 0
90.9000369404097, 63.5001437019542, 17.7694220074984, 96.8278106936932, -95.5094886312836, 84.8927605544886, -0.341374,  1.521618,  -0.109276, 0, 0, 0
90.9000369404097, 63.5001437019542, 17.7694220074984, 96.8278106936932, -95.5094886312836, 84.8927605544886, -0.341374,  1.521618,  -0.109275, 0, 0, 0
99.7117003298147, 43.2464930712139, 1.18481103179992, 103.742053814791, -81.7291140277882, 55.9653535725298, -0.278849,  1.507482,  -0.081290, 0, 0, 0
99.7117003298147, 43.2464930712139, 1.18481103179992, 103.742053814791, -81.7291140277882, 55.9653535725298, -0.278849,  1.507481,  -0.081290, 0, 0, 0
99.7117003298147, 43.2464930712139, 1.18481103179992, 103.742053814791, -81.7291140277882, 55.9653535725298, -0.278850,  1.507481,  -0.081290, 0, 0, 0
105.115720700619, 41.8932712669787, -5.74824161127197, 117.09228307421, -87.1248963598095, -36.0271348185757, -0.200443,  1.429655,  -0.068394, 0, 0, 0
105.115720700619, 41.8932712669787, -5.74824161127197, 117.09228307421, -87.1248963598095, -36.0271348185757, -0.200440,  1.429656,  -0.068391, 0, 0, 0
105.115720700619, 41.8932712669787, -5.74824161127197, 117.09228307421, -87.1248963598095, -36.0271348185757, -0.200440,  1.429656,  -0.068388, 0, 0, 0
86.3625093381502, 41.1221402708557, 7.04701021485271, 90.1907429355947, -85.5991217879452, 29.0669585476505, -0.272685,  1.428049,  -0.116566, 0, 0, 0
86.3625093381502, 41.1221402708557, 7.04701021485271, 90.1907429355947, -85.5991217879452, 29.0669585476505, -0.272687,  1.428050,  -0.116566, 0, 0, 0
86.3625093381502, 41.1221402708557, 7.04701021485271, 90.1907429355947, -85.5991217879452, 29.0669585476505, -0.272686,  1.428050,  -0.116566, 0, 0, 0
90.3292618862151, 51.7637055397021, -0.631688411944946, 105.625526187413, -91.8135869017837, -80.9859680646011, -0.151008,  1.464597,  -0.121230, 0, 0, 0
90.3292618862151, 51.7637055397021, -0.631688411944946, 105.625526187413, -91.8135869017837, -80.9859680646011, -0.151007,  1.464598,  -0.121229, 0, 0, 0
90.3292618862151, 51.7637055397021, -0.631688411944946, 105.625526187413, -91.8135869017837, -80.9859680646011, -0.151006,  1.464599,  -0.121228, 0, 0, 0
97.068164029859, 54.65592572847, -4.73368453617175, 113.249071460605, -84.8068984401531, 50.3030525327376, -0.302301,  1.521245,  -0.074334, 0, 0, 0
97.068164029859, 54.65592572847, -4.73368453617175, 113.249071460605, -84.8068984401531, 50.3030525327376, -0.302301,  1.521247,  -0.074334, 0, 0, 0
97.068164029859, 54.65592572847, -4.73368453617175, 113.249071460605, -84.8068984401531, 50.3030525327376, -0.302302,  1.521248,  -0.074334, 0, 0, 0
89.7816984691653, 39.4670096168959, 6.15210219549183, 114.4552622159, -90.8989486937638, 73.4657763239213, -0.326773,  1.510903,  -0.073104, 0, 0, 0
89.7816984691653, 39.4670096168959, 6.15210219549183, 114.4552622159, -90.8989486937638, 73.4657763239213, -0.326774,  1.510904,  -0.073104, 0, 0, 0
89.7816984691653, 39.4670096168959, 6.15210219549183, 114.4552622159, -90.8989486937638, 73.4657763239213, -0.326773,  1.510905,  -0.073103, 0, 0, 0
85.9724637880237, 69.4219651822104, -8.31890310056606, 102.684563991469, -77.5723339711788, -2.29658759976468, -0.249680,  1.495753,  -0.139031, 0, 0, 0
85.9724637880237, 69.4219651822104, -8.31890310056606, 102.684563991469, -77.5723339711788, -2.29658759976468, -0.249679,  1.495752,  -0.139032, 0, 0, 0
85.9724637880237, 69.4219651822104, -8.31890310056606, 102.684563991469, -77.5723339711788, -2.29658759976468, -0.249677,  1.495752,  -0.139034, 0, 0, 0
92.840346281766, 57.0004037273481, -0.165159963507528, 102.341379218246, -89.3342833391592, 42.6483714833665, -0.293740,  1.488460,  -0.094540, 0, 0, 0
92.840346281766, 57.0004037273481, -0.165159963507528, 102.341379218246, -89.3342833391592, 42.6483714833665, -0.293739,  1.488461,  -0.094537, 0, 0, 0
92.840346281766, 57.0004037273481, -0.165159963507528, 102.341379218246, -89.3342833391592, 42.6483714833665, -0.293740,  1.488461,  -0.094538, 0, 0, 0
83.7835377615644, 58.3792116656861, -10.0624704280802, 101.454063954208, -71.7304009753271, -35.5039823560626, -0.189237,  1.465861,  -0.153153, 0, 0, 0
83.7835377615644, 58.3792116656861, -10.0624704280802, 101.454063954208, -71.7304009753271, -35.5039823560626, -0.189235,  1.465862,  -0.153153, 0, 0, 0
83.7835377615644, 58.3792116656861, -10.0624704280802, 101.454063954208, -71.7304009753271, -35.5039823560626, -0.189235,  1.465862,  -0.153153, 0, 0, 0
87.5213748626441, 59.4726144041863, 3.52345610547721, 94.6685029046813, -98.0852832990727, 8.71177212283051, -0.253690,  1.434487,  -0.094453, 0, 0, 0
87.5213748626441, 59.4726144041863, 3.52345610547721, 94.6685029046813, -98.0852832990727, 8.71177212283051, -0.253689,  1.434486,  -0.094454, 0, 0, 0
87.5213748626441, 59.4726144041863, 3.52345610547721, 94.6685029046813, -98.0852832990727, 8.71177212283051, -0.253689,  1.434486,  -0.094451, 0, 0, 0
84.0924892542124, 57.5696740433189, 7.35266344078866, 94.1140261589684, -88.5613476496172, -88.3486956523143, -0.147817,  1.510021,  -0.145733, 0, 0, 0
84.0924892542124, 57.5696740433189, 7.35266344078866, 94.1140261589684, -88.5613476496172, -88.3486956523143, -0.147816,  1.510022,  -0.145733, 0, 0, 0
84.0924892542124, 57.5696740433189, 7.35266344078866, 94.1140261589684, -88.5613476496172, -88.3486956523143, -0.147815,  1.510023,  -0.145732, 0, 0, 0
87.7420286923844, 42.0004203840511, 10.8714667348973, 101.32148545421, -91.4949654776096, -12.9974237603759, -0.245254,  1.400005,  -0.101633, 0, 0, 0
87.7420286923844, 42.0004203840511, 10.8714667348973, 101.32148545421, -91.4949654776096, -12.9974237603759, -0.245255,  1.400005,  -0.101634, 0, 0, 0
87.7420286923844, 42.0004203840511, 10.8714667348973, 101.32148545421, -91.4949654776096, -12.9974237603759, -0.245256,  1.400005,  -0.101635, 0, 0, 0
75.1039967368549, 45.5395217020582, 10.2990112006268, 95.3883972417227, -66.2682095725124, 35.4797529524697, -0.309152,  1.480802,  -0.157191, 0, 0, 0
75.1039967368549, 45.5395217020582, 10.2990112006268, 95.3883972417227, -66.2682095725124, 35.4797529524697, -0.309152,  1.480803,  -0.157191, 0, 0, 0
75.1039967368549, 45.5395217020582, 10.2990112006268, 95.3883972417227, -66.2682095725124, 35.4797529524697, -0.309154,  1.480803,  -0.157191, 0, 0, 0
88.3858225290574, 61.3164844968563, 2.44093087507454, 97.6893001359338, -79.3053789320551, 50.4231700845616, -0.301653,  1.519105,  -0.121935, 0, 0, 0
88.3858225290574, 61.3164844968563, 2.44093087507454, 97.6893001359338, -79.3053789320551, 50.4231700845616, -0.301653,  1.519105,  -0.121935, 0, 0, 0
88.3858225290574, 61.3164844968563, 2.44093087507454, 97.6893001359338, -79.3053789320551, 50.4231700845616, -0.301654,  1.519105,  -0.121935, 0, 0, 0
80.6974215165629, 59.3240227159491, 0.875300396346897, 102.210764735034, -102.143400090331, -46.836132708756, -0.204693,  1.426330,  -0.126145, 0, 0, 0
80.6974215165629, 59.3240227159491, 0.875300396346897, 102.210764735034, -102.143400090331, -46.836132708756, -0.204693,  1.426330,  -0.126146, 0, 0, 0
80.6974215165629, 59.3240227159491, 0.875300396346897, 102.210764735034, -102.143400090331, -46.836132708756, -0.204690,  1.426331,  -0.126146, 0, 0, 0
78.6358511279927, 63.5555103729239, 0.387995293706228, 99.2119555127872, -83.703344874348, 61.6811128909117, -0.333328,  1.521650,  -0.131445, 0, 0, 0
78.6358511279927, 63.5555103729239, 0.387995293706228, 99.2119555127872, -83.703344874348, 61.6811128909117, -0.333329,  1.521651,  -0.131445, 0, 0, 0
78.6358511279927, 63.5555103729239, 0.387995293706228, 99.2119555127872, -83.703344874348, 61.6811128909117, -0.333330,  1.521650,  -0.131449, 0, 0, 0
84.1127806694536, 38.3267691563533, -2.46846885532831, 123.158983519104, -76.4059816328984, 38.0881382512138, -0.315112,  1.496453,  -0.086296, 0, 0, 0
84.1127806694536, 38.3267691563533, -2.46846885532831, 123.158983519104, -76.4059816328984, 38.0881382512138, -0.315113,  1.496454,  -0.086296, 0, 0, 0
84.1127806694536, 38.3267691563533, -2.46846885532831, 123.158983519104, -76.4059816328984, 38.0881382512138, -0.315112,  1.496454,  -0.086299, 0, 0, 0
74.4646004428541, 56.9560958876119, 3.58956461276534, 89.3970295835806, -74.5066458308493, 70.7780469529671, -0.320600,  1.529555,  -0.159989, 0, 0, 0
74.4646004428541, 56.9560958876119, 3.58956461276534, 89.3970295835806, -74.5066458308493, 70.7780469529671, -0.320602,  1.529559,  -0.159988, 0, 0, 0
74.4646004428541, 56.9560958876119, 3.58956461276534, 89.3970295835806, -74.5066458308493, 70.7780469529671, -0.320600,  1.529560,  -0.159989, 0, 0, 0
87.6653176506397, 43.2133594835897, -4.91272489003185, 119.503620725551, -96.7287119495543, 55.8559840118421, -0.324935,  1.489299,  -0.060353, 0, 0, 0
87.6653176506397, 43.2133594835897, -4.91272489003185, 119.503620725551, -96.7287119495543, 55.8559840118421, -0.324936,  1.489298,  -0.060350, 0, 0, 0
87.6653176506397, 43.2133594835897, -4.91272489003185, 119.503620725551, -96.7287119495543, 55.8559840118421, -0.324936,  1.489299,  -0.060354, 0, 0, 0
93.4055134385317, 63.5763840918785, 18.6901346449697, 85.9389904664802, -90.7962606492346, 49.4594080909275, -0.286213,  1.490153,  -0.112071, 0, 0, 0
93.4055134385317, 63.5763840918785, 18.6901346449697, 85.9389904664802, -90.7962606492346, 49.4594080909275, -0.286213,  1.490152,  -0.112072, 0, 0, 0
93.4055134385317, 63.5763840918785, 18.6901346449697, 85.9389904664802, -90.7962606492346, 49.4594080909275, -0.286213,  1.490152,  -0.112072, 0, 0, 0
91.5206576182142, 60.5382182408515, 4.13639661068967, 87.7421862996902, -88.1069727120872, -52.1046039849581, -0.140725,  1.480100,  -0.098595, 0, 0, 0
91.5206576182142, 60.5382182408515, 4.13639661068967, 87.7421862996902, -88.1069727120872, -52.1046039849581, -0.140725,  1.480100,  -0.098593, 0, 0, 0
91.5206576182142, 60.5382182408515, 4.13639661068967, 87.7421862996902, -88.1069727120872, -52.1046039849581, -0.140728,  1.480100,  -0.098596, 0, 0, 0
101.995544055389, 36.6346706153525, 4.13091575894667, 101.376007294397, -79.2117766016432, -57.6050995554711, -0.140964,  1.425517,  -0.068082, 0, 0, 0
101.995544055389, 36.6346706153525, 4.13091575894667, 101.376007294397, -79.2117766016432, -57.6050995554711, -0.140963,  1.425518,  -0.068084, 0, 0, 0
101.995544055389, 36.6346706153525, 4.13091575894667, 101.376007294397, -79.2117766016432, -57.6050995554711, -0.140964,  1.425518,  -0.068084, 0, 0, 0
84.4714908694429, 50.4787454734638, -9.36142027200276, 97.6812168065461, -97.9003015386111, 75.0506282364568, -0.295289,  1.499446,  -0.111623, 0, 0, 0
84.4714908694429, 50.4787454734638, -9.36142027200276, 97.6812168065461, -97.9003015386111, 75.0506282364568, -0.295291,  1.499447,  -0.111625, 0, 0, 0
84.4714908694429, 50.4787454734638, -9.36142027200276, 97.6812168065461, -97.9003015386111, 75.0506282364568, -0.295291,  1.499448,  -0.111623, 0, 0, 0
91.6730594048458, 42.2020241155187, -0.196498177313376, 114.642954943603, -94.3999073256172, -18.3610447055354, -0.254543,  1.404429,  -0.088143, 0, 0, 0
91.6730594048458, 42.2020241155187, -0.196498177313376, 114.642954943603, -94.3999073256172, -18.3610447055354, -0.254543,  1.404429,  -0.088147, 0, 0, 0
91.6730594048458, 42.2020241155187, -0.196498177313376, 114.642954943603, -94.3999073256172, -18.3610447055354, -0.254543,  1.404429,  -0.088146, 0, 0, 0
90.0091338553294, 51.4781293881587, 13.9911775442426, 100.066751706789, -101.478528592089, 67.8223365377395, -0.327805,  1.476524,  -0.088965, 0, 0, 0
90.0091338553294, 51.4781293881587, 13.9911775442426, 100.066751706789, -101.478528592089, 67.8223365377395, -0.327804,  1.476524,  -0.088966, 0, 0, 0
90.0091338553294, 51.4781293881587, 13.9911775442426, 100.066751706789, -101.478528592089, 67.8223365377395, -0.327804,  1.476525,  -0.088966, 0, 0, 0
99.0641059644779, 52.7048540956801, 5.71216742112859, 99.45177743697, -83.5883765704231, 38.7209854352896, -0.274990,  1.489387,  -0.091281, 0, 0, 0
99.0641059644779, 52.7048540956801, 5.71216742112859, 99.45177743697, -83.5883765704231, 38.7209854352896, -0.274993,  1.489386,  -0.091280, 0, 0, 0
99.0641059644779, 52.7048540956801, 5.71216742112859, 99.45177743697, -83.5883765704231, 38.7209854352896, -0.274990,  1.489386,  -0.091281, 0, 0, 0
82.0528697916095, 55.8370357943344, 18.4426190530834, 99.056000098878, -96.7759285370535, 30.7300117132982, -0.310604,  1.438090,  -0.100546, 0, 0, 0
82.0528697916095, 55.8370357943344, 18.4426190530834, 99.056000098878, -96.7759285370535, 30.7300117132982, -0.310601,  1.438090,  -0.100546, 0, 0, 0
82.0528697916095, 55.8370357943344, 18.4426190530834, 99.056000098878, -96.7759285370535, 30.7300117132982, -0.310605,  1.438089,  -0.100546, 0, 0, 0
88.7951676053811, 68.6555641875183, -10.7295163389216, 109.372121100589, -85.9574758379117, -2.59368155919428, -0.257923,  1.482132,  -0.114822, 0, 0, 0
88.7951676053811, 68.6555641875183, -10.7295163389216, 109.372121100589, -85.9574758379117, -2.59368155919428, -0.257924,  1.482131,  -0.114820, 0, 0, 0
88.7951676053811, 68.6555641875183, -10.7295163389216, 109.372121100589, -85.9574758379117, -2.59368155919428, -0.257923,  1.482131,  -0.114821, 0, 0, 0
97.3298692938374, 38.5931277452287, 2.6955665840972, 100.651439610597, -93.3789252228714, 17.8740573218414, -0.268056,  1.416779,  -0.075102, 0, 0, 0
97.3298692938374, 38.5931277452287, 2.6955665840972, 100.651439610597, -93.3789252228714, 17.8740573218414, -0.268060,  1.416778,  -0.075102, 0, 0, 0
97.3298692938374, 38.5931277452287, 2.6955665840972, 100.651439610597, -93.3789252228714, 17.8740573218414, -0.268059,  1.416779,  -0.075101, 0, 0, 0
82.7750188299844, 63.0048308353354, -10.6240408274483, 110.149999427612, -80.5927703686834, 51.1566960049906, -0.317165,  1.533459,  -0.112717, 0, 0, 0
82.7750188299844, 63.0048308353354, -10.6240408274483, 110.149999427612, -80.5927703686834, 51.1566960049906, -0.317165,  1.533462,  -0.112716, 0, 0, 0
82.7750188299844, 63.0048308353354, -10.6240408274483, 110.149999427612, -80.5927703686834, 51.1566960049906, -0.317165,  1.533462,  -0.112718, 0, 0, 0
88.1317765580265, 50.8487796234715, 5.56779194704379, 101.927048075602, -78.3603070813094, 70.9966740528938, -0.310909,  1.535811,  -0.110622, 0, 0, 0
88.1317765580265, 50.8487796234715, 5.56779194704379, 101.927048075602, -78.3603070813094, 70.9966740528938, -0.310909,  1.535813,  -0.110622, 0, 0, 0
88.1317765580265, 50.8487796234715, 5.56779194704379, 101.927048075602, -78.3603070813094, 70.9966740528938, -0.310909,  1.535813,  -0.110623, 0, 0, 0
93.4743287653486, 41.4417371265129, -1.79151802785347, 117.565703044565, -97.5366286156023, 28.9477920600817, -0.310986,  1.444968,  -0.058151, 0, 0, 0
93.4743287653486, 41.4417371265129, -1.79151802785347, 117.565703044565, -97.5366286156023, 28.9477920600817, -0.310985,  1.444969,  -0.058150, 0, 0, 0
93.4743287653486, 41.4417371265129, -1.79151802785347, 117.565703044565, -97.5366286156023, 28.9477920600817, -0.310984,  1.444969,  -0.058150, 0, 0, 0
90.2845662656614, 54.121610591963, -5.17657719649977, 106.397263605622, -90.3978033408464, -68.8318110965688, -0.159180,  1.454548,  -0.119577, 0, 0, 0
90.2845662656614, 54.121610591963, -5.17657719649977, 106.397263605622, -90.3978033408464, -68.8318110965688, -0.159181,  1.454548,  -0.119577, 0, 0, 0
90.2845662656614, 54.121610591963, -5.17657719649977, 106.397263605622, -90.3978033408464, -68.8318110965688, -0.159180,  1.454548,  -0.119576, 0, 0, 0
93.1050401533976, 52.8351997802863, -6.51274566363762, 95.7097344483922, -80.5813216808959, -78.3976383733851, -0.108957,  1.471846,  -0.097449, 0, 0, 0
93.1050401533976, 52.8351997802863, -6.51274566363762, 95.7097344483922, -80.5813216808959, -78.3976383733851, -0.108954,  1.471847,  -0.097447, 0, 0, 0
93.1050401533976, 52.8351997802863, -6.51274566363762, 95.7097344483922, -80.5813216808959, -78.3976383733851, -0.108955,  1.471848,  -0.097447, 0, 0, 0
90.2936832266353, 51.981303437814, 0.903555625853304, 101.141379541916, -77.6820728618758, 6.98681169639328, -0.249291,  1.462165,  -0.118695, 0, 0, 0
90.2936832266353, 51.981303437814, 0.903555625853304, 101.141379541916, -77.6820728618758, 6.98681169639328, -0.249293,  1.462165,  -0.118696, 0, 0, 0
90.2936832266353, 51.981303437814, 0.903555625853304, 101.141379541916, -77.6820728618758, 6.98681169639328, -0.249293,  1.462165,  -0.118696, 0, 0, 0
84.2664112255695, 55.4547711560663, -9.115933726241, 95.4612765903921, -71.2702999077217, -23.5212341115863, -0.191238,  1.450990,  -0.146618, 0, 0, 0
84.2664112255695, 55.4547711560663, -9.115933726241, 95.4612765903921, -71.2702999077217, -23.5212341115863, -0.191237,  1.450990,  -0.146618, 0, 0, 0
84.2664112255695, 55.4547711560663, -9.115933726241, 95.4612765903921, -71.2702999077217, -23.5212341115863, -0.191236,  1.450990,  -0.146618, 0, 0, 0
107.744107159733, 50.1464189696521, 4.31626107685097, 112.943815920789, -103.069653354538, -57.1188067020618, -0.172095,  1.443120,  -0.044911, 0, 0, 0
107.744107159733, 50.1464189696521, 4.31626107685097, 112.943815920789, -103.069653354538, -57.1188067020618, -0.172095,  1.443121,  -0.044910, 0, 0, 0
107.744107159733, 50.1464189696521, 4.31626107685097, 112.943815920789, -103.069653354538, -57.1188067020618, -0.172093,  1.443121,  -0.044911, 0, 0, 0
100.948967953599, 47.786205662805, 9.17390236092265, 104.044866650882, -87.0000128976912, 33.557211218717, -0.282094,  1.470131,  -0.078630, 0, 0, 0
100.948967953599, 47.786205662805, 9.17390236092265, 104.044866650882, -87.0000128976912, 33.557211218717, -0.282093,  1.470131,  -0.078630, 0, 0, 0
100.948967953599, 47.786205662805, 9.17390236092265, 104.044866650882, -87.0000128976912, 33.557211218717, -0.282093,  1.470131,  -0.078631, 0, 0, 0
92.6738115331217, 55.9688450497197, -8.952959578324, 114.53803817602, -77.4880351259034, -43.8940081695328, -0.191630,  1.475695,  -0.122215, 0, 0, 0
92.6738115331217, 55.9688450497197, -8.952959578324, 114.53803817602, -77.4880351259034, -43.8940081695328, -0.191629,  1.475695,  -0.122216, 0, 0, 0
92.6738115331217, 55.9688450497197, -8.952959578324, 114.53803817602, -77.4880351259034, -43.8940081695328, -0.191628,  1.475696,  -0.122215, 0, 0, 0
87.7847941010624, 49.983731836277, 9.12078960444112, 103.313762040928, -82.9234666558595, 85.493733950928, -0.322171,  1.545197,  -0.106188, 0, 0, 0
87.7847941010624, 49.983731836277, 9.12078960444112, 103.313762040928, -82.9234666558595, 85.493733950928, -0.322172,  1.545197,  -0.106190, 0, 0, 0
87.7847941010624, 49.983731836277, 9.12078960444112, 103.313762040928, -82.9234666558595, 85.493733950928, -0.322171,  1.545198,  -0.106189, 0, 0, 0
87.3616330908354, 38.7232558052889, 7.21813448002906, 99.3212124662416, -83.7175433318427, 43.8337862211517, -0.298371,  1.459072,  -0.109231, 0, 0, 0
87.3616330908354, 38.7232558052889, 7.21813448002906, 99.3212124662416, -83.7175433318427, 43.8337862211517, -0.298371,  1.459072,  -0.109230, 0, 0, 0
87.3616330908354, 38.7232558052889, 7.21813448002906, 99.3212124662416, -83.7175433318427, 43.8337862211517, -0.298372,  1.459071,  -0.109231, 0, 0, 0
89.6522985265913, 43.6071066292746, -11.8339037133946, 98.5751963862795, -88.9652180373815, -71.5621307286282, -0.141056,  1.390836,  -0.103717, 0, 0, 0
89.6522985265913, 43.6071066292746, -11.8339037133946, 98.5751963862795, -88.9652180373815, -71.5621307286282, -0.141055,  1.390837,  -0.103718, 0, 0, 0
89.6522985265913, 43.6071066292746, -11.8339037133946, 98.5751963862795, -88.9652180373815, -71.5621307286282, -0.141055,  1.390837,  -0.103718, 0, 0, 0
83.3470402583441, 42.7891242541363, 9.95835397362546, 101.158503687582, -95.495349310682, -89.0882826577656, -0.165908,  1.438790,  -0.141080, 0, 0, 0
83.3470402583441, 42.7891242541363, 9.95835397362546, 101.158503687582, -95.495349310682, -89.0882826577656, -0.165908,  1.438791,  -0.141079, 0, 0, 0
83.3470402583441, 42.7891242541363, 9.95835397362546, 101.158503687582, -95.495349310682, -89.0882826577656, -0.165911,  1.438792,  -0.141081, 0, 0, 0
77.3481488813641, 51.4426878220774, -3.89527332658868, 100.073319515617, -75.9805033021741, 16.8003613620303, -0.284259,  1.455355,  -0.147218, 0, 0, 0
77.3481488813641, 51.4426878220774, -3.89527332658868, 100.073319515617, -75.9805033021741, 16.8003613620303, -0.284258,  1.455355,  -0.147221, 0, 0, 0
77.3481488813641, 51.4426878220774, -3.89527332658868, 100.073319515617, -75.9805033021741, 16.8003613620303, -0.284257,  1.455356,  -0.147218, 0, 0, 0
85.6459150981256, 52.5279690870521, 11.0802664573301, 104.152359115617, -95.007517706119, -22.5299018648475, -0.235514,  1.422458,  -0.109159, 0, 0, 0
85.6459150981256, 52.5279690870521, 11.0802664573301, 104.152359115617, -95.007517706119, -22.5299018648475, -0.235516,  1.422457,  -0.109159, 0, 0, 0
85.6459150981256, 52.5279690870521, 11.0802664573301, 104.152359115617, -95.007517706119, -22.5299018648475, -0.235512,  1.422458,  -0.109158, 0, 0, 0
93.5800681191389, 59.4023464509365, 5.29180504455365, 95.316271775832, -84.3538827990984, -46.8316197151296, -0.159126,  1.484021,  -0.104158, 0, 0, 0
93.5800681191389, 59.4023464509365, 5.29180504455365, 95.316271775832, -84.3538827990984, -46.8316197151296, -0.159125,  1.484021,  -0.104157, 0, 0, 0
93.5800681191389, 59.4023464509365, 5.29180504455365, 95.316271775832, -84.3538827990984, -46.8316197151296, -0.159124,  1.484022,  -0.104158, 0, 0, 0
91.2330178084448, 51.8727312608817, -3.08617097509083, 100.086606637374, -94.8092220628856, -8.5414085099812, -0.233276,  1.416139,  -0.088874, 0, 0, 0
91.2330178084448, 51.8727312608817, -3.08617097509083, 100.086606637374, -94.8092220628856, -8.5414085099812, -0.233277,  1.416139,  -0.088874, 0, 0, 0
91.2330178084448, 51.8727312608817, -3.08617097509083, 100.086606637374, -94.8092220628856, -8.5414085099812, -0.233279,  1.416139,  -0.088875, 0, 0, 0
90.9486808403854, 58.1415234545472, 5.67914845213015, 93.091073990359, -88.1652758874298, -57.1939900657791, -0.148788,  1.478208,  -0.107832, 0, 0, 0
90.9486808403854, 58.1415234545472, 5.67914845213015, 93.091073990359, -88.1652758874298, -57.1939900657791, -0.148787,  1.478209,  -0.107832, 0, 0, 0
90.9486808403854, 58.1415234545472, 5.67914845213015, 93.091073990359, -88.1652758874298, -57.1939900657791, -0.148787,  1.478209,  -0.107832, 0, 0, 0
83.4470058565834, 43.8073329197522, 14.4908628673142, 96.0034893823841, -81.8007462602508, 29.8877444520727, -0.297678,  1.445815,  -0.123909, 0, 0, 0
83.4470058565834, 43.8073329197522, 14.4908628673142, 96.0034893823841, -81.8007462602508, 29.8877444520727, -0.297678,  1.445816,  -0.123907, 0, 0, 0
83.4470058565834, 43.8073329197522, 14.4908628673142, 96.0034893823841, -81.8007462602508, 29.8877444520727, -0.297677,  1.445816,  -0.123907, 0, 0, 0
71.9912443881377, 58.0306343412783, -0.838972532717446, 88.8629367581109, -82.151978317256, 37.4020142065377, -0.306372,  1.464497,  -0.158393, 0, 0, 0
71.9912443881377, 58.0306343412783, -0.838972532717446, 88.8629367581109, -82.151978317256, 37.4020142065377, -0.306370,  1.464498,  -0.158392, 0, 0, 0
71.9912443881377, 58.0306343412783, -0.838972532717446, 88.8629367581109, -82.151978317256, 37.4020142065377, -0.306370,  1.464499,  -0.158390, 0, 0, 0
89.8750765248681, 57.4043011815921, -7.79362072890835, 107.339300476884, -82.1855670458462, -15.7762354085838, -0.228348,  1.456839,  -0.118014, 0, 0, 0
89.8750765248681, 57.4043011815921, -7.79362072890835, 107.339300476884, -82.1855670458462, -15.7762354085838, -0.228347,  1.456840,  -0.118013, 0, 0, 0
89.8750765248681, 57.4043011815921, -7.79362072890835, 107.339300476884, -82.1855670458462, -15.7762354085838, -0.228347,  1.456840,  -0.118014, 0, 0, 0
78.1066125417337, 56.8255030823543, 3.49832371783922, 103.614603906856, -99.0113286429128, 2.08456058318242, -0.281710,  1.418113,  -0.106323, 0, 0, 0
78.1066125417337, 56.8255030823543, 3.49832371783922, 103.614603906856, -99.0113286429128, 2.08456058318242, -0.281710,  1.418113,  -0.106322, 0, 0, 0
78.1066125417337, 56.8255030823543, 3.49832371783922, 103.614603906856, -99.0113286429128, 2.08456058318242, -0.281710,  1.418113,  -0.106323, 0, 0, 0
97.8137405273805, 64.343058455448, -10.1893916197679, 97.6313631934364, -96.7802140229581, -46.7548830129162, -0.154970,  1.458329,  -0.071452, 0, 0, 0
97.8137405273805, 64.343058455448, -10.1893916197679, 97.6313631934364, -96.7802140229581, -46.7548830129162, -0.154970,  1.458329,  -0.071451, 0, 0, 0
97.8137405273805, 64.343058455448, -10.1893916197679, 97.6313631934364, -96.7802140229581, -46.7548830129162, -0.154971,  1.458329,  -0.071454, 0, 0, 0
