89.7478342000702, 71.9703695603063, -6.22276564497899, 95.4639284535717, -89.2562745362802, 16.369984397008, -0.257593,  1.487100,  -0.112015, 0, 0, 0
89.7478342000702, 71.9703695603063, -6.22276564497899, 95.4639284535717, -89.2562745362802, 16.369984397008, -0.257594,  1.487099,  -0.112017, 0, 0, 0
89.7478342000702, 71.9703695603063, -6.22276564497899, 95.4639284535717, -89.2562745362802, 16.369984397008, -0.257598,  1.487099,  -0.112016, 0, 0, 0
81.3720663281118, 59.7516659235912, -2.55040045070998, 96.3351856305445, -98.6942746720315, -29.001095340829, -0.212910,  1.418789,  -0.116722, 0, 0, 0
81.3720663281118, 59.7516659235912, -2.55040045070998, 96.3351856305445, -98.6942746720315, -29.001095340829, -0.212909,  1.418789,  -0.116723, 0, 0, 0
81.3720663281118, 59.7516659235912, -2.55040045070998, 96.3351856305445, -98.6942746720315, -29.001095340829, -0.212911,  1.418788,  -0.116722, 0, 0, 0
91.3563845935045, 57.8402929525204, -2.51088138434563, 100.128469031735, -89.3837085983455, 80.6792870193361, -0.300078,  1.544392,  -0.105065, 0, 0, 0
91.3563845935045, 57.8402929525204, -2.51088138434563, 100.128469031735, -89.3837085983455, 80.6792870193361, -0.300081,  1.544392,  -0.105065, 0, 0, 0
91.3563845935045, 57.8402929525204, -2.51088138434563, 100.128469031735, -89.3837085983455, 80.6792870193361, -0.300084,  1.544391,  -0.105066, 0, 0, 0
75.7372366711991, 53.3629764311008, 5.5192626367663, 99.4761156087051, -78.1493323311771, -81.8065538150873, -0.175772,  1.487613,  -0.184065, 0, 0, 0
75.7372366711991, 53.3629764311008, 5.5192626367663, 99.4761156087051, -78.1493323311771, -81.8065538150873, -0.175768,  1.487614,  -0.184064, 0, 0, 0
75.7372366711991, 53.3629764311008, 5.5192626367663, 99.4761156087051, -78.1493323311771, -81.8065538150873, -0.175769,  1.487614,  -0.184066, 0, 0, 0
86.0541686476486, 53.3664285186727, -12.9340751579523, 100.196763272637, -93.2005547128349, -53.9375398808907, -0.173438,  1.407778,  -0.117155, 0, 0, 0
86.0541686476486, 53.3664285186727, -12.9340751579523, 100.196763272637, -93.2005547128349, -53.9375398808907, -0.173435,  1.407777,  -0.117155, 0, 0, 0
86.0541686476486, 53.3664285186727, -12.9340751579523, 100.196763272637, -93.2005547128349, -53.9375398808907, -0.173437,  1.407779,  -0.117155, 0, 0, 0
78.7197795403632, 45.8410176531982, -5.7222415995639, 101.913052727869, -74.9752666451033, -75.8665617837797, -0.154474,  1.432151,  -0.163510, 0, 0, 0
78.7197795403632, 45.8410176531982, -5.7222415995639, 101.913052727869, -74.9752666451033, -75.8665617837797, -0.154472,  1.432151,  -0.163513, 0, 0, 0
78.7197795403632, 45.8410176531982, -5.7222415995639, 101.913052727869, -74.9752666451033, -75.8665617837797, -0.154475,  1.432151,  -0.163512, 0, 0, 0
85.7744148657082, 55.0281977636944, -3.95397544312956, 108.218136149024, -86.2933371652236, 58.187313624666, -0.316093,  1.515683,  -0.100685, 0, 0, 0
85.7744148657082, 55.0281977636944, -3.95397544312956, 108.218136149024, -86.2933371652236, 58.187313624666, -0.316101,  1.515683,  -0.100684, 0, 0, 0
85.7744148657082, 55.0281977636944, -3.95397544312956, 108.218136149024, -86.2933371652236, 58.187313624666, -0.316104,  1.515682,  -0.100688, 0, 0, 0
85.339614823122, 60.3654807592976, -10.3866939052926, 104.493976601237, -93.026279506865, 16.8907818846289, -0.280776,  1.455441,  -0.103082, 0, 0, 0
85.339614823122, 60.3654807592976, -10.3866939052926, 104.493976601237, -93.026279506865, 16.8907818846289, -0.280776,  1.455439,  -0.103081, 0, 0, 0
85.339614823122, 60.3654807592976, -10.3866939052926, 104.493976601237, -93.026279506865, 16.8907818846289, -0.280775,  1.455439,  -0.103079, 0, 0, 0
95.7241919620238, 46.4386264591481, 2.38113580777211, 108.368929662508, -88.8412091650552, -42.1943828179119, -0.192145,  1.429245,  -0.094818, 0, 0, 0
95.7241919620238, 46.4386264591481, 2.38113580777211, 108.368929662508, -88.8412091650552, -42.1943828179119, -0.192144,  1.429246,  -0.094818, 0, 0, 0
95.7241919620238, 46.4386264591481, 2.38113580777211, 108.368929662508, -88.8412091650552, -42.1943828179119, -0.192144,  1.429246,  -0.094818, 0, 0, 0
98.0788334787987, 50.5342122457237, -6.62033884541252, 103.153525801647, -96.2430783436744, -52.1616566337214, -0.163683,  1.419712,  -0.073539, 0, 0, 0
98.0788334787987, 50.5342122457237, -6.62033884541252, 103.153525801647, -96.2430783436744, -52.1616566337214, -0.163688,  1.419712,  -0.073540, 0, 0, 0
98.0788334787987, 50.5342122457237, -6.62033884541252, 103.153525801647, -96.2430783436744, -52.1616566337214, -0.163684,  1.419713,  -0.073539, 0, 0, 0
90.1699373413378, 58.908622594672, 16.3486560178545, 90.5817067053942, -100.805900240447, -77.4066575808578, -0.146337,  1.502895,  -0.104814, 0, 0, 0
90.1699373413378, 58.908622594672, 16.3486560178545, 90.5817067053942, -100.805900240447, -77.4066575808578, -0.146336,  1.502896,  -0.104814, 0, 0, 0
90.1699373413378, 58.908622594672, 16.3486560178545, 90.5817067053942, -100.805900240447, -77.4066575808578, -0.146335,  1.502897,  -0.104815, 0, 0, 0
80.6684793956946, 57.043683401039, 9.31767725427152, 100.740523331042, -86.1126715697645, -22.8601607372497, -0.238195,  1.444697,  -0.141043, 0, 0, 0
80.6684793956946, 57.043683401039, 9.31767725427152, 100.740523331042, -86.1126715697645, -22.8601607372497, -0.238199,  1.444696,  -0.141044, 0, 0, 0
80.6684793956946, 57.043683401039, 9.31767725427152, 100.740523331042, -86.1126715697645, -22.8601607372497, -0.238197,  1.444696,  -0.141044, 0, 0, 0
88.5252087279336, 39.132626317673, -1.49558440333703, 116.348403448003, -69.6319112124214, -5.26284825664191, -0.258243,  1.455550,  -0.121346, 0, 0, 0
88.5252087279336, 39.132626317673, -1.49558440333703, 116.348403448003, -69.6319112124214, -5.26284825664191, -0.258245,  1.455550,  -0.121347, 0, 0, 0
88.5252087279336, 39.132626317673, -1.49558440333703, 116.348403448003, -69.6319112124214, -5.26284825664191, -0.258247,  1.455551,  -0.121349, 0, 0, 0
87.489262635281, 42.7254991477846, 11.3096009048237, 104.276943122394, -79.5086594877757, 41.3622931783145, -0.310680,  1.475528,  -0.108733, 0, 0, 0
87.489262635281, 42.7254991477846, 11.3096009048237, 104.276943122394, -79.5086594877757, 41.3622931783145, -0.310683,  1.475527,  -0.108735, 0, 0, 0
87.489262635281, 42.7254991477846, 11.3096009048237, 104.276943122394, -79.5086594877757, 41.3622931783145, -0.310682,  1.475528,  -0.108735, 0, 0, 0
84.0995419819876, 51.7397991535935, 9.48508917382802, 100.114428468752, -93.9916726337016, 32.5622628994232, -0.306126,  1.443874,  -0.101372, 0, 0, 0
84.0995419819876, 51.7397991535935, 9.48508917382802, 100.114428468752, -93.9916726337016, 32.5622628994232, -0.306123,  1.443873,  -0.101371, 0, 0, 0
84.0995419819876, 51.7397991535935, 9.48508917382802, 100.114428468752, -93.9916726337016, 32.5622628994232, -0.306124,  1.443873,  -0.101372, 0, 0, 0
93.1473773984314, 47.8154739109467, 6.41850730963427, 99.4448116753538, -83.4493645931345, -65.7643316850149, -0.145411,  1.461590,  -0.104972, 0, 0, 0
93.1473773984314, 47.8154739109467, 6.41850730963427, 99.4448116753538, -83.4493645931345, -65.7643316850149, -0.145411,  1.461592,  -0.104973, 0, 0, 0
93.1473773984314, 47.8154739109467, 6.41850730963427, 99.4448116753538, -83.4493645931345, -65.7643316850149, -0.145410,  1.461593,  -0.104973, 0, 0, 0
85.3946893690442, 49.3695617188421, 6.61988059819775, 107.333497136658, -78.9188465107897, 7.38820220412067, -0.281688,  1.454574,  -0.122537, 0, 0, 0
85.3946893690442, 49.3695617188421, 6.61988059819775, 107.333497136658, -78.9188465107897, 7.38820220412067, -0.281688,  1.454575,  -0.122538, 0, 0, 0
85.3946893690442, 49.3695617188421, 6.61988059819775, 107.333497136658, -78.9188465107897, 7.38820220412067, -0.281687,  1.454576,  -0.122539, 0, 0, 0
91.925699742979, 63.8017136488406, 10.6660987134264, 104.673628555085, -95.0936555549598, -33.1270307830686, -0.207756,  1.469854,  -0.102591, 0, 0, 0
91.925699742979, 63.8017136488406, 10.6660987134264, 104.673628555085, -95.0936555549598, -33.1270307830686, -0.207754,  1.469854,  -0.102591, 0, 0, 0
91.925699742979, 63.8017136488406, 10.6660987134264, 104.673628555085, -95.0936555549598, -33.1270307830686, -0.207755,  1.469855,  -0.102591, 0, 0, 0
86.2893134789224, 63.0892733933972, 3.38920229351665, 98.2045155755278, -89.6756511443737, -40.0019500045189, -0.191344,  1.468064,  -0.127499, 0, 0, 0
86.2893134789224, 63.0892733933972, 3.38920229351665, 98.2045155755278, -89.6756511443737, -40.0019500045189, -0.191343,  1.468065,  -0.127499, 0, 0, 0
86.2893134789224, 63.0892733933972, 3.38920229351665, 98.2045155755278, -89.6756511443737, -40.0019500045189, -0.191344,  1.468066,  -0.127502, 0, 0, 0
85.5675459966904, 52.7686390916792, 0.377473746450207, 101.533876781787, -82.9962177232704, -78.4106822818558, -0.149515,  1.475923,  -0.141799, 0, 0, 0
85.5675459966904, 52.7686390916792, 0.377473746450207, 101.533876781787, -82.9962177232704, -78.4106822818558, -0.149513,  1.475925,  -0.141798, 0, 0, 0
85.5675459966904, 52.7686390916792, 0.377473746450207, 101.533876781787, -82.9962177232704, -78.4106822818558, -0.149514,  1.475925,  -0.141802, 0, 0, 0
86.9887107090609, 40.8302610570657, 0.566367741923584, 103.022714424854, -76.4929609142955, -1.42515786275219, -0.249391,  1.427581,  -0.123567, 0, 0, 0
86.9887107090609, 40.8302610570657, 0.566367741923584, 103.022714424854, -76.4929609142955, -1.42515786275219, -0.249390,  1.427583,  -0.123570, 0, 0, 0
86.9887107090609, 40.8302610570657, 0.566367741923584, 103.022714424854, -76.4929609142955, -1.42515786275219, -0.249391,  1.427583,  -0.123571, 0, 0, 0
84.5095200540282, 53.172106393436, 13.4502792909669, 102.050695473823, -84.5204890036522, -15.2897937537856, -0.245695,  1.443218,  -0.128913, 0, 0, 0
84.5095200540282, 53.172106393436, 13.4502792909669, 102.050695473823, -84.5204890036522, -15.2897937537856, -0.245697,  1.443218,  -0.128916, 0, 0, 0
84.5095200540282, 53.172106393436, 13.4502792909669, 102.050695473823, -84.5204890036522, -15.2897937537856, -0.245695,  1.443219,  -0.128916, 0, 0, 0
86.4163576341166, 50.2137566470876, 0.746151486351948, 110.373352446326, -88.2811362222927, -46.9740558292508, -0.208070,  1.433384,  -0.128864, 0, 0, 0
86.4163576341166, 50.2137566470876, 0.746151486351948, 110.373352446326, -88.2811362222927, -46.9740558292508, -0.208067,  1.433385,  -0.128863, 0, 0, 0
86.4163576341166, 50.2137566470876, 0.746151486351948, 110.373352446326, -88.2811362222927, -46.9740558292508, -0.208074,  1.433384,  -0.128867, 0, 0, 0
88.2083369226846, 65.4039089031614, -13.9672237118942, 108.589199038327, -88.2735571130842, -52.4684199706197, -0.183186,  1.472584,  -0.131037, 0, 0, 0
88.2083369226846, 65.4039089031614, -13.9672237118942, 108.589199038327, -88.2735571130842, -52.4684199706197, -0.183184,  1.472584,  -0.131038, 0, 0, 0
88.2083369226846, 65.4039089031614, -13.9672237118942, 108.589199038327, -88.2735571130842, -52.4684199706197, -0.183181,  1.472584,  -0.131037, 0, 0, 0
85.8417178793462, 37.7478570402797, 2.30966608936914, 101.61210816808, -83.8903806550304, 41.9829837048907, -0.297829,  1.456134,  -0.108485, 0, 0, 0
85.8417178793462, 37.7478570402797, 2.30966608936914, 101.61210816808, -83.8903806550304, 41.9829837048907, -0.297831,  1.456135,  -0.108486, 0, 0, 0
85.8417178793462, 37.7478570402797, 2.30966608936914, 101.61210816808, -83.8903806550304, 41.9829837048907, -0.297828,  1.456136,  -0.108486, 0, 0, 0
89.7828958744193, 53.4588529084094, 2.831303159187, 93.2683678553068, -92.3542074229217, 5.80203949705968, -0.241875,  1.428783,  -0.098332, 0, 0, 0
89.7828958744193, 53.4588529084094, 2.831303159187, 93.2683678553068, -92.3542074229217, 5.80203949705968, -0.241874,  1.428782,  -0.098333, 0, 0, 0
89.7828958744193, 53.4588529084094, 2.831303159187, 93.2683678553068, -92.3542074229217, 5.80203949705968, -0.241876,  1.428781,  -0.098333, 0, 0, 0
91.4928450410551, 41.2455558700367, 9.7498602649312, 95.7276140271314, -84.4554908067482, 80.440208072173, -0.292648,  1.516791,  -0.108390, 0, 0, 0
91.4928450410551, 41.2455558700367, 9.7498602649312, 95.7276140271314, -84.4554908067482, 80.440208072173, -0.292649,  1.516793,  -0.108391, 0, 0, 0
91.4928450410551, 41.2455558700367, 9.7498602649312, 95.7276140271314, -84.4554908067482, 80.440208072173, -0.292648,  1.516794,  -0.108389, 0, 0, 0
91.8926526248903, 56.4261464246574, 20.8011969027142, 98.5719628248177, -94.9777942920491, 65.5900446336047, -0.330827,  1.485868,  -0.096810, 0, 0, 0
91.8926526248903, 56.4261464246574, 20.8011969027142, 98.5719628248177, -94.9777942920491, 65.5900446336047, -0.330826,  1.485867,  -0.096811, 0, 0, 0
91.8926526248903, 56.4261464246574, 20.8011969027142, 98.5719628248177, -94.9777942920491, 65.5900446336047, -0.330830,  1.485865,  -0.096811, 0, 0, 0
93.1713174796029, 47.6682696464651, -3.97298216381255, 107.109616223407, -79.8900325011292, 47.7169536781481, -0.285882,  1.506409,  -0.093953, 0, 0, 0
93.1713174796029, 47.6682696464651, -3.97298216381255, 107.109616223407, -79.8900325011292, 47.7169536781481, -0.285882,  1.506410,  -0.093952, 0, 0, 0
93.1713174796029, 47.6682696464651, -3.97298216381255, 107.109616223407, -79.8900325011292, 47.7169536781481, -0.285886,  1.506409,  -0.093957, 0, 0, 0
90.4758287100712, 49.5864926431731, 4.36087455429704, 105.659828495494, -91.0766147211662, 51.5548005889427, -0.313196,  1.483660,  -0.089584, 0, 0, 0
90.4758287100712, 49.5864926431731, 4.36087455429704, 105.659828495494, -91.0766147211662, 51.5548005889427, -0.313196,  1.483659,  -0.089583, 0, 0, 0
90.4758287100712, 49.5864926431731, 4.36087455429704, 105.659828495494, -91.0766147211662, 51.5548005889427, -0.313196,  1.483660,  -0.089583, 0, 0, 0
85.4206147085373, 55.0029083416682, 5.15236979101937, 98.245222492683, -93.8568040760807, -2.05526110095165, -0.250668,  1.425771,  -0.106040, 0, 0, 0
85.4206147085373, 55.0029083416682, 5.15236979101937, 98.245222492683, -93.8568040760807, -2.05526110095165, -0.250671,  1.425770,  -0.106042, 0, 0, 0
85.4206147085373, 55.0029083416682, 5.15236979101937, 98.245222492683, -93.8568040760807, -2.05526110095165, -0.250668,  1.425770,  -0.106042, 0, 0, 0
100.703381624702, 59.1610433362604, 9.85456473413609, 94.2982338191389, -94.0948439479976, 66.2968698151155, -0.294181,  1.509896,  -0.089728, 0, 0, 0
100.703381624702, 59.1610433362604, 9.85456473413609, 94.2982338191389, -94.0948439479976, 66.2968698151155, -0.294181,  1.509897,  -0.089727, 0, 0, 0
100.703381624702, 59.1610433362604, 9.85456473413609, 94.2982338191389, -94.0948439479976, 66.2968698151155, -0.294179,  1.509897,  -0.089728, 0, 0, 0
96.2452016203676, 51.3197127639252, 4.90472699143111, 111.299655784378, -104.817230410926, -57.7522106911616, -0.184541,  1.431442,  -0.081658, 0, 0, 0
96.2452016203676, 51.3197127639252, 4.90472699143111, 111.299655784378, -104.817230410926, -57.7522106911616, -0.184543,  1.431442,  -0.081661, 0, 0, 0
96.2452016203676, 51.3197127639252, 4.90472699143111, 111.299655784378, -104.817230410926, -57.7522106911616, -0.184540,  1.431443,  -0.081659, 0, 0, 0
78.9466994273108, 56.3217982340072, -21.611420389785, 104.116373631768, -81.3311311922726, 54.2021198570239, -0.286849,  1.514291,  -0.130595, 0, 0, 0
78.9466994273108, 56.3217982340072, -21.611420389785, 104.116373631768, -81.3311311922726, 54.2021198570239, -0.286849,  1.514292,  -0.130596, 0, 0, 0
78.9466994273108, 56.3217982340072, -21.611420389785, 104.116373631768, -81.3311311922726, 54.2021198570239, -0.286849,  1.514292,  -0.130595, 0, 0, 0
94.3530865221931, 43.2836823900133, 7.27988492607545, 106.360017024044, -93.4749583264614, -11.2055545989015, -0.244361,  1.408953,  -0.083006, 0, 0, 0
94.3530865221931, 43.2836823900133, 7.27988492607545, 106.360017024044, -93.4749583264614, -11.2055545989015, -0.244360,  1.408953,  -0.083005, 0, 0, 0
94.3530865221931, 43.2836823900133, 7.27988492607545, 106.360017024044, -93.4749583264614, -11.2055545989015, -0.244360,  1.408953,  -0.083003, 0, 0, 0
91.9493029778046, 51.7832828319075, -6.17426835549738, 104.81443526118, -98.2697005513739, -37.8646937599957, -0.199446,  1.409232,  -0.089107, 0, 0, 0
91.9493029778046, 51.7832828319075, -6.17426835549738, 104.81443526118, -98.2697005513739, -37.8646937599957, -0.199445,  1.409232,  -0.089109, 0, 0, 0
91.9493029778046, 51.7832828319075, -6.17426835549738, 104.81443526118, -98.2697005513739, -37.8646937599957, -0.199446,  1.409232,  -0.089107, 0, 0, 0
98.3258040405746, 61.3300142663097, 4.0020291737551, 99.0115496143549, -97.4647217291248, 13.0147249845198, -0.250043,  1.454489,  -0.070330, 0, 0, 0
98.3258040405746, 61.3300142663097, 4.0020291737551, 99.0115496143549, -97.4647217291248, 13.0147249845198, -0.250045,  1.454489,  -0.070331, 0, 0, 0
98.3258040405746, 61.3300142663097, 4.0020291737551, 99.0115496143549, -97.4647217291248, 13.0147249845198, -0.250045,  1.454489,  -0.070331, 0, 0, 0
99.7801368025691, 70.5931086155886, -3.07877764059096, 111.489190899401, -97.7691237968373, -79.2469583587318, -0.162085,  1.535914,  -0.095694, 0, 0, 0
99.7801368025691, 70.5931086155886, -3.07877764059096, 111.489190899401, -97.7691237968373, -79.2469583587318, -0.162086,  1.535914,  -0.095694, 0, 0, 0
99.7801368025691, 70.5931086155886, -3.07877764059096, 111.489190899401, -97.7691237968373, -79.2469583587318, -0.162087,  1.535914,  -0.095697, 0, 0, 0
91.1946788219554, 69.2814897414328, 1.51323777404367, 99.9612152339526, -96.5121285130003, -71.8525915291263, -0.158030,  1.518433,  -0.117549, 0, 0, 0
91.1946788219554, 69.2814897414328, 1.51323777404367, 99.9612152339526, -96.5121285130003, -71.8525915291263, -0.158030,  1.518434,  -0.117548, 0, 0, 0
91.1946788219554, 69.2814897414328, 1.51323777404367, 99.9612152339526, -96.5121285130003, -71.8525915291263, -0.158028,  1.518435,  -0.117549, 0, 0, 0
96.4782400406576, 63.0679494008367, 0.0203567585909505, 102.683910650808, -90.963724616128, -3.61620387047269, -0.232377,  1.464310,  -0.086812, 0, 0, 0
96.4782400406576, 63.0679494008367, 0.0203567585909505, 102.683910650808, -90.963724616128, -3.61620387047269, -0.232379,  1.464310,  -0.086814, 0, 0, 0
96.4782400406576, 63.0679494008367, 0.0203567585909505, 102.683910650808, -90.963724616128, -3.61620387047269, -0.232381,  1.464310,  -0.086814, 0, 0, 0
95.8868201660184, 47.7086416235805, 2.11785785245484, 107.02148915938, -92.3619406984127, -44.666083516193, -0.187134,  1.426305,  -0.089679, 0, 0, 0
95.8868201660184, 47.7086416235805, 2.11785785245484, 107.02148915938, -92.3619406984127, -44.666083516193, -0.187132,  1.426306,  -0.089679, 0, 0, 0
95.8868201660184, 47.7086416235805, 2.11785785245484, 107.02148915938, -92.3619406984127, -44.666083516193, -0.187131,  1.426306,  -0.089679, 0, 0, 0
89.5099560290542, 51.6093308419614, -3.09050517230695, 109.765174531849, -79.4241598130743, -75.8760566593405, -0.153446,  1.480794,  -0.132465, 0, 0, 0
89.5099560290542, 51.6093308419614, -3.09050517230695, 109.765174531849, -79.4241598130743, -75.8760566593405, -0.153446,  1.480796,  -0.132465, 0, 0, 0
89.5099560290542, 51.6093308419614, -3.09050517230695, 109.765174531849, -79.4241598130743, -75.8760566593405, -0.153446,  1.480796,  -0.132464, 0, 0, 0
89.774916558144, 38.5626364344029, -1.50809779855377, 100.958640056225, -80.4712948319036, -22.5588890861391, -0.213649,  1.398898,  -0.111945, 0, 0, 0
89.774916558144, 38.5626364344029, -1.50809779855377, 100.958640056225, -80.4712948319036, -22.5588890861391, -0.213649,  1.398899,  -0.111946, 0, 0, 0
89.774916558144, 38.5626364344029, -1.50809779855377, 100.958640056225, -80.4712948319036, -22.5588890861391, -0.213648,  1.398900,  -0.111948, 0, 0, 0
85.0730408311427, 45.848103549575, -1.02035824888215, 98.5799991179078, -78.8479989930033, -82.2305914414873, -0.132401,  1.451096,  -0.135256, 0, 0, 0
85.0730408311427, 45.848103549575, -1.02035824888215, 98.5799991179078, -78.8479989930033, -82.2305914414873, -0.132400,  1.451097,  -0.135255, 0, 0, 0
85.0730408311427, 45.848103549575, -1.02035824888215, 98.5799991179078, -78.8479989930033, -82.2305914414873, -0.132399,  1.451098,  -0.135256, 0, 0, 0
91.8469130724501, 54.2340463957524, 12.039176466396, 104.536619734015, -93.9837782822081, -24.4779656503515, -0.220362,  1.438132,  -0.096712, 0, 0, 0
91.8469130724501, 54.2340463957524, 12.039176466396, 104.536619734015, -93.9837782822081, -24.4779656503515, -0.220363,  1.438132,  -0.096715, 0, 0, 0
91.8469130724501, 54.2340463957524, 12.039176466396, 104.536619734015, -93.9837782822081, -24.4779656503515, -0.220360,  1.438133,  -0.096713, 0, 0, 0
94.851378392411, 62.7116805245059, 23.6897060911559, 93.8787947621578, -89.7071799320868, -52.1152558747897, -0.174402,  1.521698,  -0.100616, 0, 0, 0
94.851378392411, 62.7116805245059, 23.6897060911559, 93.8787947621578, -89.7071799320868, -52.1152558747897, -0.174402,  1.521699,  -0.100617, 0, 0, 0
94.851378392411, 62.7116805245059, 23.6897060911559, 93.8787947621578, -89.7071799320868, -52.1152558747897, -0.174401,  1.521700,  -0.100617, 0, 0, 0
83.3857053052695, 57.2998283458743, -8.66393763878676, 102.560214584148, -82.1386159466377, 37.2564898221273, -0.293569,  1.490922,  -0.122783, 0, 0, 0
83.3857053052695, 57.2998283458743, -8.66393763878676, 102.560214584148, -82.1386159466377, 37.2564898221273, -0.293571,  1.490922,  -0.122784, 0, 0, 0
83.3857053052695, 57.2998283458743, -8.66393763878676, 102.560214584148, -82.1386159466377, 37.2564898221273, -0.293571,  1.490922,  -0.122784, 0, 0, 0
78.464929761844, 38.5157803363596, 13.6964907598673, 86.9006605300921, -70.3788184323813, 14.4840750466205, -0.263552,  1.428239,  -0.153802, 0, 0, 0
78.464929761844, 38.5157803363596, 13.6964907598673, 86.9006605300921, -70.3788184323813, 14.4840750466205, -0.263552,  1.428238,  -0.153802, 0, 0, 0
78.464929761844, 38.5157803363596, 13.6964907598673, 86.9006605300921, -70.3788184323813, 14.4840750466205, -0.263553,  1.428238,  -0.153803, 0, 0, 0
92.3147172829511, 48.1820292552208, 9.5059916954344, 95.4812725327717, -83.4864029028121, -15.374331366196, -0.209611,  1.434185,  -0.105231, 0, 0, 0
92.3147172829511, 48.1820292552208, 9.5059916954344, 95.4812725327717, -83.4864029028121, -15.374331366196, -0.209610,  1.434185,  -0.105230, 0, 0, 0
92.3147172829511, 48.1820292552208, 9.5059916954344, 95.4812725327717, -83.4864029028121, -15.374331366196, -0.209614,  1.434185,  -0.105230, 0, 0, 0
96.4630771051529, 49.2936071594433, 7.4724946767882, 113.308145038914, -90.5472093278884, 26.3862587660378, -0.300992,  1.460309,  -0.072973, 0, 0, 0
96.4630771051529, 49.2936071594433, 7.4724946767882, 113.308145038914, -90.5472093278884, 26.3862587660378, -0.300992,  1.460310,  -0.072974, 0, 0, 0
96.4630771051529, 49.2936071594433, 7.4724946767882, 113.308145038914, -90.5472093278884, 26.3862587660378, -0.300994,  1.460309,  -0.072972, 0, 0, 0
92.785966658411, 53.2364357095348, 7.94003653770947, 96.1297217962035, -88.1653113164707, 32.5770176949276, -0.277464,  1.464394,  -0.100976, 0, 0, 0
92.785966658411, 53.2364357095348, 7.94003653770947, 96.1297217962035, -88.1653113164707, 32.5770176949276, -0.277462,  1.464395,  -0.100976, 0, 0, 0
92.785966658411, 53.2364357095348, 7.94003653770947, 96.1297217962035, -88.1653113164707, 32.5770176949276, -0.277463,  1.464395,  -0.100976, 0, 0, 0
84.5098298552575, 54.5807525216123, -7.82149030291432, 93.8098467523983, -93.0369784257718, -46.0101394353491, -0.174728,  1.409920,  -0.116280, 0, 0, 0
84.5098298552575, 54.5807525216123, -7.82149030291432, 93.8098467523983, -93.0369784257718, -46.0101394353491, -0.174731,  1.409920,  -0.116280, 0, 0, 0
84.5098298552575, 54.5807525216123, -7.82149030291432, 93.8098467523983, -93.0369784257718, -46.0101394353491, -0.174729,  1.409921,  -0.116280, 0, 0, 0
92.8145708766098, 29.2922637535097, -6.16680041771689, 113.609155876386, -80.9309574549321, -33.741609281387, -0.222695,  1.385195,  -0.104377, 0, 0, 0
92.8145708766098, 29.2922637535097, -6.16680041771689, 113.609155876386, -80.9309574549321, -33.741609281387, -0.222696,  1.385197,  -0.104376, 0, 0, 0
92.8145708766098, 29.2922637535097, -6.16680041771689, 113.609155876386, -80.9309574549321, -33.741609281387, -0.222695,  1.385199,  -0.104378, 0, 0, 0
96.0129100047254, 73.6021773544906, 11.1047484617508, 102.703279042044, -112.589702553215, -84.9677832271617, -0.167724,  1.542562,  -0.096613, 0, 0, 0
96.0129100047254, 73.6021773544906, 11.1047484617508, 102.703279042044, -112.589702553215, -84.9677832271617, -0.167726,  1.542562,  -0.096613, 0, 0, 0
96.0129100047254, 73.6021773544906, 11.1047484617508, 102.703279042044, -112.589702553215, -84.9677832271617, -0.167724,  1.542563,  -0.096613, 0, 0, 0
90.0775796311313, 57.3716340787128, 5.34139447347826, 101.514711983677, -86.0442596711014, 43.2170060191154, -0.303305,  1.490410,  -0.105014, 0, 0, 0
90.0775796311313, 57.3716340787128, 5.34139447347826, 101.514711983677, -86.0442596711014, 43.2170060191154, -0.303303,  1.490410,  -0.105016, 0, 0, 0
90.0775796311313, 57.3716340787128, 5.34139447347826, 101.514711983677, -86.0442596711014, 43.2170060191154, -0.303307,  1.490409,  -0.105016, 0, 0, 0
86.4069027888402, 44.4812946464279, 14.1457409385232, 104.356073425756, -87.4506718106194, 72.6016951501829, -0.335099,  1.504234,  -0.100518, 0, 0, 0
86.4069027888402, 44.4812946464279, 14.1457409385232, 104.356073425756, -87.4506718106194, 72.6016951501829, -0.335104,  1.504234,  -0.100520, 0, 0, 0
86.4069027888402, 44.4812946464279, 14.1457409385232, 104.356073425756, -87.4506718106194, 72.6016951501829, -0.335102,  1.504234,  -0.100520, 0, 0, 0
92.1572590733186, 49.6416432726119, 8.22687612313254, 100.421573371237, -99.3959845969144, -34.2196673589234, -0.199185,  1.413011,  -0.083928, 0, 0, 0
92.1572590733186, 49.6416432726119, 8.22687612313254, 100.421573371237, -99.3959845969144, -34.2196673589234, -0.199183,  1.413012,  -0.083928, 0, 0, 0
92.1572590733186, 49.6416432726119, 8.22687612313254, 100.421573371237, -99.3959845969144, -34.2196673589234, -0.199184,  1.413012,  -0.083928, 0, 0, 0
98.5739181490615, 48.1537764700253, 10.0970284399823, 101.402308649276, -86.3346971193368, 31.21053440794, -0.278078,  1.465325,  -0.086541, 0, 0, 0
98.5739181490615, 48.1537764700253, 10.0970284399823, 101.402308649276, -86.3346971193368, 31.21053440794, -0.278077,  1.465327,  -0.086543, 0, 0, 0
98.5739181490615, 48.1537764700253, 10.0970284399823, 101.402308649276, -86.3346971193368, 31.21053440794, -0.278077,  1.465327,  -0.086543, 0, 0, 0
95.4096714813406, 55.653936863448, 12.423863470143, 87.6960085765004, -96.1415137171339, 58.9500632841787, -0.284877,  1.481524,  -0.100423, 0, 0, 0
95.4096714813406, 55.653936863448, 12.423863470143, 87.6960085765004, -96.1415137171339, 58.9500632841787, -0.284878,  1.481524,  -0.100423, 0, 0, 0
95.4096714813406, 55.653936863448, 12.423863470143, 87.6960085765004, -96.1415137171339, 58.9500632841787, -0.284880,  1.481525,  -0.100425, 0, 0, 0
86.8216132497892, 34.2961500928122, 11.8410026681632, 115.344125473571, -71.9464389692941, -26.7985145797673, -0.250854,  1.433349,  -0.132120, 0, 0, 0
86.8216132497892, 34.2961500928122, 11.8410026681632, 115.344125473571, -71.9464389692941, -26.7985145797673, -0.250852,  1.433349,  -0.132121, 0, 0, 0
86.8216132497892, 34.2961500928122, 11.8410026681632, 115.344125473571, -71.9464389692941, -26.7985145797673, -0.250851,  1.433349,  -0.132122, 0, 0, 0
95.3286238157365, 43.2961604856201, 16.2015538052603, 106.433570307052, -93.8256006564129, -85.0941427152295, -0.160034,  1.471755,  -0.103620, 0, 0, 0
95.3286238157365, 43.2961604856201, 16.2015538052603, 106.433570307052, -93.8256006564129, -85.0941427152295, -0.160031,  1.471756,  -0.103622, 0, 0, 0
95.3286238157365, 43.2961604856201, 16.2015538052603, 106.433570307052, -93.8256006564129, -85.0941427152295, -0.160031,  1.471756,  -0.103620, 0, 0, 0
90.0198908850111, 32.4415505357873, -0.517653529162392, 115.608451250437, -94.3857204846071, -56.6612170715019, -0.215504,  1.377946,  -0.107293, 0, 0, 0
90.0198908850111, 32.4415505357873, -0.517653529162392, 115.608451250437, -94.3857204846071, -56.6612170715019, -0.215505,  1.377947,  -0.107294, 0, 0, 0
90.0198908850111, 32.4415505357873, -0.517653529162392, 115.608451250437, -94.3857204846071, -56.6612170715019, -0.215507,  1.377947,  -0.107295, 0, 0, 0
85.6502835032631, 46.355653231301, 9.55055683745802, 97.7504556430396, -91.5684824011805, -9.8847696549187, -0.243052,  1.406708,  -0.107469, 0, 0, 0
85.6502835032631, 46.355653231301, 9.55055683745802, 97.7504556430396, -91.5684824011805, -9.8847696549187, -0.243054,  1.406707,  -0.107471, 0, 0, 0
85.6502835032631, 46.355653231301, 9.55055683745802, 97.7504556430396, -91.5684824011805, -9.8847696549187, -0.243051,  1.406708,  -0.107469, 0, 0, 0
83.6000595319932, 36.7687168605066, 0.063242597519459, 101.732373892688, -80.2038248377946, 13.4179989241225, -0.277423,  1.419360,  -0.120593, 0, 0, 0
83.6000595319932, 36.7687168605066, 0.063242597519459, 101.732373892688, -80.2038248377946, 13.4179989241225, -0.277425,  1.419361,  -0.120593, 0, 0, 0
83.6000595319932, 36.7687168605066, 0.063242597519459, 101.732373892688, -80.2038248377946, 13.4179989241225, -0.277422,  1.419362,  -0.120592, 0, 0, 0
91.5263866182729, 56.7778575805693, 10.1554081226806, 104.171908978402, -93.2429396717789, -58.3008449961442, -0.177719,  1.473221,  -0.112988, 0, 0, 0
91.5263866182729, 56.7778575805693, 10.1554081226806, 104.171908978402, -93.2429396717789, -58.3008449961442, -0.177719,  1.473222,  -0.112988, 0, 0, 0
91.5263866182729, 56.7778575805693, 10.1554081226806, 104.171908978402, -93.2429396717789, -58.3008449961442, -0.177719,  1.473223,  -0.112989, 0, 0, 0
75.7878266524698, 41.0292385079671, 9.45346055774729, 94.4182326462245, -67.3770941594639, 40.3760350111397, -0.304463,  1.474459,  -0.153328, 0, 0, 0
75.7878266524698, 41.0292385079671, 9.45346055774729, 94.4182326462245, -67.3770941594639, 40.3760350111397, -0.304464,  1.474460,  -0.153330, 0, 0, 0
75.7878266524698, 41.0292385079671, 9.45346055774729, 94.4182326462245, -67.3770941594639, 40.3760350111397, -0.304463,  1.474462,  -0.153328, 0, 0, 0
88.5879445837123, 51.1914736329516, -0.376248151551002, 96.9055354703565, -93.443356622129, 79.8772194740092, -0.297495,  1.516584,  -0.110567, 0, 0, 0
88.5879445837123, 51.1914736329516, -0.376248151551002, 96.9055354703565, -93.443356622129, 79.8772194740092, -0.297497,  1.516584,  -0.110566, 0, 0, 0
88.5879445837123, 51.1914736329516, -0.376248151551002, 96.9055354703565, -93.443356622129, 79.8772194740092, -0.297495,  1.516586,  -0.110564, 0, 0, 0
98.4681045344522, 59.7580160020064, 22.2896781792313, 103.405421894648, -90.7176436081305, 53.1339718880989, -0.322928,  1.486348,  -0.084304, 0, 0, 0
98.4681045344522, 59.7580160020064, 22.2896781792313, 103.405421894648, -90.7176436081305, 53.1339718880989, -0.322923,  1.486348,  -0.084303, 0, 0, 0
98.4681045344522, 59.7580160020064, 22.2896781792313, 103.405421894648, -90.7176436081305, 53.1339718880989, -0.322926,  1.486348,  -0.084303, 0, 0, 0
94.5482690220258, 44.3992305023445, -15.4658857709119, 112.869052977555, -86.55965503662, 13.3439231952173, -0.265693,  1.449248,  -0.083240, 0, 0, 0
94.5482690220258, 44.3992305023445, -15.4658857709119, 112.869052977555, -86.55965503662, 13.3439231952173, -0.265694,  1.449248,  -0.083241, 0, 0, 0
94.5482690220258, 44.3992305023445, -15.4658857709119, 112.869052977555, -86.55965503662, 13.3439231952173, -0.265694,  1.449248,  -0.083239, 0, 0, 0
86.840234145377, 58.1563135003805, 10.9144376289391, 100.865401159174, -89.0460549627178, -78.5494997631045, -0.168198,  1.508788,  -0.140697, 0, 0, 0
86.840234145377, 58.1563135003805, 10.9144376289391, 100.865401159174, -89.0460549627178, -78.5494997631045, -0.168202,  1.508789,  -0.140697, 0, 0, 0
86.840234145377, 58.1563135003805, 10.9144376289391, 100.865401159174, -89.0460549627178, -78.5494997631045, -0.168200,  1.508790,  -0.140700, 0, 0, 0
90.9503943894008, 53.700882497805, -12.9475785033474, 105.023905907915, -82.3430912257598, 29.7519324768158, -0.269581,  1.484136,  -0.103830, 0, 0, 0
90.9503943894008, 53.700882497805, -12.9475785033474, 105.023905907915, -82.3430912257598, 29.7519324768158, -0.269578,  1.484137,  -0.103830, 0, 0, 0
90.9503943894008, 53.700882497805, -12.9475785033474, 105.023905907915, -82.3430912257598, 29.7519324768158, -0.269578,  1.484137,  -0.103833, 0, 0, 0
96.2036552545966, 54.7002281236812, 11.0354546978425, 99.7435904910478, -97.7609934542355, 89.7814915448419, -0.316465,  1.527980,  -0.094719, 0, 0, 0
96.2036552545966, 54.7002281236812, 11.0354546978425, 99.7435904910478, -97.7609934542355, 89.7814915448419, -0.316468,  1.527981,  -0.094720, 0, 0, 0
96.2036552545966, 54.7002281236812, 11.0354546978425, 99.7435904910478, -97.7609934542355, 89.7814915448419, -0.316469,  1.527981,  -0.094719, 0, 0, 0
84.3632863279244, 49.8596653872925, -2.33547972745815, 99.9874993766363, -85.0149001413614, 3.57056755474115, -0.258917,  1.429300,  -0.120486, 0, 0, 0
84.3632863279244, 49.8596653872925, -2.33547972745815, 99.9874993766363, -85.0149001413614, 3.57056755474115, -0.258914,  1.429299,  -0.120485, 0, 0, 0
84.3632863279244, 49.8596653872925, -2.33547972745815, 99.9874993766363, -85.0149001413614, 3.57056755474115, -0.258916,  1.429299,  -0.120485, 0, 0, 0
94.8896736857992, 46.2818438535381, 16.4418811437013, 100.435475443119, -98.6484065601963, -89.9364955365232, -0.148233,  1.478235,  -0.098210, 0, 0, 0
94.8896736857992, 46.2818438535381, 16.4418811437013, 100.435475443119, -98.6484065601963, -89.9364955365232, -0.148234,  1.478237,  -0.098209, 0, 0, 0
94.8896736857992, 46.2818438535381, 16.4418811437013, 100.435475443119, -98.6484065601963, -89.9364955365232, -0.148231,  1.478237,  -0.098211, 0, 0, 0
89.339981182673, 43.1539141840204, 0.818562324642661, 105.828740468825, -91.1179689826281, -81.3473542018644, -0.154437,  1.432118,  -0.120056, 0, 0, 0
89.339981182673, 43.1539141840204, 0.818562324642661, 105.828740468825, -91.1179689826281, -81.3473542018644, -0.154436,  1.432119,  -0.120059, 0, 0, 0
89.339981182673, 43.1539141840204, 0.818562324642661, 105.828740468825, -91.1179689826281, -81.3473542018644, -0.154436,  1.432119,  -0.120060, 0, 0, 0
91.2196283854259, 59.9255573528322, -3.49580199774597, 98.14209365061, -101.008183025664, -28.4162338096607, -0.197789,  1.427145,  -0.083243, 0, 0, 0
91.2196283854259, 59.9255573528322, -3.49580199774597, 98.14209365061, -101.008183025664, -28.4162338096607, -0.197787,  1.427146,  -0.083243, 0, 0, 0
91.2196283854259, 59.9255573528322, -3.49580199774597, 98.14209365061, -101.008183025664, -28.4162338096607, -0.197787,  1.427146,  -0.083243, 0, 0, 0
86.4424569912697, 55.1979372971031, 9.82588357903281, 106.047728912836, -86.8732757243483, 38.4005782124278, -0.319473,  1.475806,  -0.102348, 0, 0, 0
86.4424569912697, 55.1979372971031, 9.82588357903281, 106.047728912836, -86.8732757243483, 38.4005782124278, -0.319478,  1.475806,  -0.102349, 0, 0, 0
86.4424569912697, 55.1979372971031, 9.82588357903281, 106.047728912836, -86.8732757243483, 38.4005782124278, -0.319477,  1.475806,  -0.102349, 0, 0, 0
98.139422131894, 56.5723415365806, -0.29910611072003, 104.670092496327, -92.8807616662753, 13.5250897431723, -0.259899,  1.455837,  -0.075812, 0, 0, 0
98.139422131894, 56.5723415365806, -0.29910611072003, 104.670092496327, -92.8807616662753, 13.5250897431723, -0.259896,  1.455837,  -0.075811, 0, 0, 0
98.139422131894, 56.5723415365806, -0.29910611072003, 104.670092496327, -92.8807616662753, 13.5250897431723, -0.259894,  1.455836,  -0.075810, 0, 0, 0
98.607749754847, 53.1130533706993, -0.232090205399155, 112.220642112263, -95.8950121022835, -20.5580097873902, -0.227446,  1.433674,  -0.073050, 0, 0, 0
98.607749754847, 53.1130533706993, -0.232090205399155, 112.220642112263, -95.8950121022835, -20.5580097873902, -0.227445,  1.433674,  -0.073051, 0, 0, 0
98.607749754847, 53.1130533706993, -0.232090205399155, 112.220642112263, -95.8950121022835, -20.5580097873902, -0.227447,  1.433674,  -0.073051, 0, 0, 0
89.3849041812345, 49.2652819580638, 4.38422545346305, 106.713434929727, -79.0753320975317, 15.0380438275882, -0.278686,  1.463988,  -0.112433, 0, 0, 0
89.3849041812345, 49.2652819580638, 4.38422545346305, 106.713434929727, -79.0753320975317, 15.0380438275882, -0.278685,  1.463989,  -0.112432, 0, 0, 0
89.3849041812345, 49.2652819580638, 4.38422545346305, 106.713434929727, -79.0753320975317, 15.0380438275882, -0.278685,  1.463989,  -0.112433, 0, 0, 0
94.1461058623262, 66.1467153763077, 0.153542144727096, 101.515017967485, -93.1094506561342, 63.0657419100987, -0.312866,  1.523014,  -0.094128, 0, 0, 0
94.1461058623262, 66.1467153763077, 0.153542144727096, 101.515017967485, -93.1094506561342, 63.0657419100987, -0.312867,  1.523014,  -0.094129, 0, 0, 0
94.1461058623262, 66.1467153763077, 0.153542144727096, 101.515017967485, -93.1094506561342, 63.0657419100987, -0.312871,  1.523013,  -0.094132, 0, 0, 0
80.8709581899275, 45.4746457758514, 6.71736081422241, 95.1355501106743, -85.9348940528428, 72.8872035011658, -0.314365,  1.499217,  -0.128237, 0, 0, 0
80.8709581899275, 45.4746457758514, 6.71736081422241, 95.1355501106743, -85.9348940528428, 72.8872035011658, -0.314368,  1.499219,  -0.128241, 0, 0, 0
80.8709581899275, 45.4746457758514, 6.71736081422241, 95.1355501106743, -85.9348940528428, 72.8872035011658, -0.314367,  1.499220,  -0.128241, 0, 0, 0
91.0800910948231, 50.6087730343218, 9.39638688296441, 103.210996267833, -87.2638447302761, 80.5256721978637, -0.321130,  1.531398,  -0.099085, 0, 0, 0
91.0800910948231, 50.6087730343218, 9.39638688296441, 103.210996267833, -87.2638447302761, 80.5256721978637, -0.321131,  1.531398,  -0.099084, 0, 0, 0
91.0800910948231, 50.6087730343218, 9.39638688296441, 103.210996267833, -87.2638447302761, 80.5256721978637, -0.321131,  1.531398,  -0.099086, 0, 0, 0
100.525076243735, 51.4366323344504, 4.08254227326941, 105.155969155134, -86.0614464759558, 83.9427592602432, -0.298659,  1.554109,  -0.077797, 0, 0, 0
100.525076243735, 51.4366323344504, 4.08254227326941, 105.155969155134, -86.0614464759558, 83.9427592602432, -0.298659,  1.554109,  -0.077797, 0, 0, 0
100.525076243735, 51.4366323344504, 4.08254227326941, 105.155969155134, -86.0614464759558, 83.9427592602432, -0.298661,  1.554109,  -0.077797, 0, 0, 0
88.1036543571182, 59.1491060054221, 6.29527356093451, 95.4719627349679, -98.4162024882792, 10.568306955175, -0.257743,  1.435645,  -0.092169, 0, 0, 0
88.1036543571182, 59.1491060054221, 6.29527356093451, 95.4719627349679, -98.4162024882792, 10.568306955175, -0.257741,  1.435645,  -0.092168, 0, 0, 0
88.1036543571182, 59.1491060054221, 6.29527356093451, 95.4719627349679, -98.4162024882792, 10.568306955175, -0.257740,  1.435645,  -0.092168, 0, 0, 0
99.9614814198747, 52.9713826170267, -1.5866953941696, 101.506807985552, -95.5658525607045, -38.2888939708338, -0.176150,  1.430702,  -0.066100, 0, 0, 0
99.9614814198747, 52.9713826170267, -1.5866953941696, 101.506807985552, -95.5658525607045, -38.2888939708338, -0.176151,  1.430702,  -0.066101, 0, 0, 0
99.9614814198747, 52.9713826170267, -1.5866953941696, 101.506807985552, -95.5658525607045, -38.2888939708338, -0.176150,  1.430702,  -0.066101, 0, 0, 0
91.7841785846511, 60.926717797404, -3.93859154019784, 104.91681246285, -87.5329229100253, 48.0867449434575, -0.301956,  1.509536,  -0.096642, 0, 0, 0
91.7841785846511, 60.926717797404, -3.93859154019784, 104.91681246285, -87.5329229100253, 48.0867449434575, -0.301951,  1.509538,  -0.096641, 0, 0, 0
91.7841785846511, 60.926717797404, -3.93859154019784, 104.91681246285, -87.5329229100253, 48.0867449434575, -0.301953,  1.509538,  -0.096641, 0, 0, 0
92.8768938409165, 51.2238379809897, 18.587955342924, 102.771301802348, -82.35280417526, 55.579959006917, -0.325308,  1.498168,  -0.100099, 0, 0, 0
92.8768938409165, 51.2238379809897, 18.587955342924, 102.771301802348, -82.35280417526, 55.579959006917, -0.325310,  1.498168,  -0.100102, 0, 0, 0
92.8768938409165, 51.2238379809897, 18.587955342924, 102.771301802348, -82.35280417526, 55.579959006917, -0.325309,  1.498169,  -0.100101, 0, 0, 0
85.9408180580465, 57.2948506019184, -4.4442638541707, 93.2112978859757, -90.8339221487048, -60.8664754096441, -0.148854,  1.444640,  -0.121341, 0, 0, 0
85.9408180580465, 57.2948506019184, -4.4442638541707, 93.2112978859757, -90.8339221487048, -60.8664754096441, -0.148854,  1.444640,  -0.121341, 0, 0, 0
85.9408180580465, 57.2948506019184, -4.4442638541707, 93.2112978859757, -90.8339221487048, -60.8664754096441, -0.148854,  1.444641,  -0.121343, 0, 0, 0
94.6833124710507, 54.7121067402769, 0.88580368745728, 98.9504114673597, -90.5962102281677, -63.9809470578873, -0.143506,  1.464017,  -0.094300, 0, 0, 0
94.6833124710507, 54.7121067402769, 0.88580368745728, 98.9504114673597, -90.5962102281677, -63.9809470578873, -0.143506,  1.464018,  -0.094300, 0, 0, 0
94.6833124710507, 54.7121067402769, 0.88580368745728, 98.9504114673597, -90.5962102281677, -63.9809470578873, -0.143509,  1.464018,  -0.094303, 0, 0, 0
96.8377718961419, 54.3960139000607, 14.4242398488334, 101.511001916785, -97.0787691384935, 32.4049007545779, -0.289129,  1.451692,  -0.074395, 0, 0, 0
96.8377718961419, 54.3960139000607, 14.4242398488334, 101.511001916785, -97.0787691384935, 32.4049007545779, -0.289129,  1.451691,  -0.074394, 0, 0, 0
96.8377718961419, 54.3960139000607, 14.4242398488334, 101.511001916785, -97.0787691384935, 32.4049007545779, -0.289131,  1.451691,  -0.074395, 0, 0, 0
96.8064717322255, 43.8896952548566, 14.6373463932396, 101.658193207686, -86.46680100408, -5.76876608906241, -0.236607,  1.429077,  -0.089427, 0, 0, 0
96.8064717322255, 43.8896952548566, 14.6373463932396, 101.658193207686, -86.46680100408, -5.76876608906241, -0.236605,  1.429078,  -0.089426, 0, 0, 0
96.8064717322255, 43.8896952548566, 14.6373463932396, 101.658193207686, -86.46680100408, -5.76876608906241, -0.236605,  1.429078,  -0.089427, 0, 0, 0
83.5582420039647, 47.4786465309073, -6.30943159039451, 107.276954336203, -94.3548376946101, -43.0699898570028, -0.216125,  1.395145,  -0.120757, 0, 0, 0
83.5582420039647, 47.4786465309073, -6.30943159039451, 107.276954336203, -94.3548376946101, -43.0699898570028, -0.216125,  1.395146,  -0.120756, 0, 0, 0
83.5582420039647, 47.4786465309073, -6.30943159039451, 107.276954336203, -94.3548376946101, -43.0699898570028, -0.216124,  1.395146,  -0.120757, 0, 0, 0
100.172284255155, 55.8519921248256, 4.8534857497801, 108.721471935839, -99.9905824237506, -35.7214570290751, -0.196872,  1.441691,  -0.065953, 0, 0, 0
100.172284255155, 55.8519921248256, 4.8534857497801, 108.721471935839, -99.9905824237506, -35.7214570290751, -0.196871,  1.441692,  -0.065953, 0, 0, 0
100.172284255155, 55.8519921248256, 4.8534857497801, 108.721471935839, -99.9905824237506, -35.7214570290751, -0.196875,  1.441691,  -0.065956, 0, 0, 0
93.3724337201183, 48.1876764853262, -2.09867171383062, 111.501707726293, -94.2285455041705, -79.5133141918081, -0.159481,  1.450196,  -0.110286, 0, 0, 0
93.3724337201183, 48.1876764853262, -2.09867171383062, 111.501707726293, -94.2285455041705, -79.5133141918081, -0.159479,  1.450199,  -0.110285, 0, 0, 0
93.3724337201183, 48.1876764853262, -2.09867171383062, 111.501707726293, -94.2285455041705, -79.5133141918081, -0.159479,  1.450198,  -0.110283, 0, 0, 0
89.7312304089112, 47.883517881439, 17.8834898348841, 89.5976551423755, -88.3870889709077, -2.49852133810323, -0.228458,  1.425800,  -0.104292, 0, 0, 0
89.7312304089112, 47.883517881439, 17.8834898348841, 89.5976551423755, -88.3870889709077, -2.49852133810323, -0.228457,  1.425800,  -0.104291, 0, 0, 0
89.7312304089112, 47.883517881439, 17.8834898348841, 89.5976551423755, -88.3870889709077, -2.49852133810323, -0.228457,  1.425800,  -0.104293, 0, 0, 0
95.5848339582693, 43.3845634191395, 3.99024879757026, 108.161456618561, -88.8565230128479, 57.5953611834543, -0.306278,  1.495093,  -0.078259, 0, 0, 0
95.5848339582693, 43.3845634191395, 3.99024879757026, 108.161456618561, -88.8565230128479, 57.5953611834543, -0.306278,  1.495093,  -0.078258, 0, 0, 0
95.5848339582693, 43.3845634191395, 3.99024879757026, 108.161456618561, -88.8565230128479, 57.5953611834543, -0.306277,  1.495094,  -0.078258, 0, 0, 0
